3860,2347,0.428325218665173,26682.0,24537.0,784.0,70568.266,354.14398,0
3860,2348,0.4382191095547774,26700.0,24540.0,786.0,65696.914,353.31308,0
3860,2349,0.416920990166158,26746.0,24578.0,788.0,65693.836,350.5377,0
3860,2350,0.3741961964701053,26763.0,24615.0,790.0,70003.57,351.8699,0
3860,2351,0.40156317846287454,26758.0,24609.0,792.0,67485.0,353.49106,0
3860,2352,0.41184461897686264,26753.0,24594.0,794.0,59986.875,3.871256,0
3860,2353,0.39090827094795705,26742.0,24577.0,791.0,58413.4,15.642246,0
3860,2354,0.3817427385892116,26717.0,24561.0,786.0,56377.656,16.699244,0
3860,2355,0.3864200938448799,26676.0,24539.0,783.0,50158.348,9.293308,0
3860,2356,0.38480778138026867,26634.0,24509.0,782.0,45908.824,358.8767,0
3860,2357,0.38273321284582235,26610.0,24479.0,783.0,47015.848,354.5077,0
3860,2358,0.3705045999442431,26622.0,24470.0,786.0,52269.78,2.960936,0
3860,2359,0.37401046247858893,26665.0,24503.0,782.0,60094.8,20.60626,0
3860,2360,0.3912172923777019,26707.0,24550.0,772.0,61180.145,26.18811,0
3860,2361,0.3673606447280054,26707.0,24574.0,766.0,55424.95,23.44292,0
3860,2362,0.3728103579588728,26670.0,24556.0,762.0,52370.41,19.057705,0
3860,2363,0.3896109860836816,26618.0,24520.0,757.0,56093.18,20.179459,0
3860,2364,0.4009666241108882,26591.0,24488.0,749.0,59570.21,26.952179,0
3860,2365,0.3871177618737801,26600.0,24478.0,740.0,49163.402,23.749495,0
3860,2366,0.3939981532779317,26620.0,24481.0,740.0,49163.402,23.749495,0
3860,2367,0.40522438044206294,26623.0,24479.0,737.0,28750.738,17.300528,0
3860,2368,0.42284410913238,26596.0,24463.0,738.0,6395.7017,39.289406,0
3860,2369,0.3938702909787467,26566.0,24429.0,737.0,12158.33,182.1211,0
3860,2370,0.3929476837981102,26537.0,24390.0,738.0,21068.459,199.98311,0
3860,2371,0.3882375189107413,26508.0,24355.0,741.0,25216.066,214.8245,0
3860,2372,0.38901387326584175,26475.0,24329.0,745.0,28750.738,230.0796,0
3860,2373,0.4074040302726361,26436.0,24306.0,754.0,31416.318,231.98106,0
3860,2374,0.41777205980213833,26401.0,24287.0,760.0,33190.36,220.60129,0
3860,2375,0.3793136139552522,26388.0,24272.0,765.0,34418.383,205.55997,0
3860,2376,0.3431192660550459,26392.0,24279.0,768.0,31959.506,189.72758,0
3860,2377,0.3683199692706583,26402.0,24309.0,768.0,23955.896,185.38931,0
3860,2378,0.38443495801473004,26410.0,24335.0,769.0,14357.751,212.19574,0
3860,2379,0.40795559666975023,26421.0,24336.0,772.0,13424.79,256.42957,0
3860,2380,0.41815601578783984,26434.0,24324.0,774.0,20124.611,280.30484,0
3860,2381,0.38657580283793874,26416.0,24299.0,782.0,27186.854,298.68616,0
3860,2382,0.3658935617361178,26386.0,24267.0,789.0,32130.127,322.9696,0
3860,2383,0.3556719022687609,26356.0,24241.0,792.0,40534.984,337.1355,0
3860,2384,0.37407838571982927,26331.0,24222.0,796.0,46678.688,340.86636,0
3860,2385,0.35717131474103586,26312.0,24214.0,801.0,49826.2,339.92847,0
3860,2386,0.3437073712928813,26276.0,24204.0,807.0,53733.09,333.64954,0
3860,2387,0.3509887005649718,26228.0,24182.0,815.0,54644.9,329.84546,0
3860,2388,0.36556246024367567,26187.0,24154.0,823.0,48168.92,330.3215,0
3860,2389,0.34825217215599114,26166.0,24132.0,828.0,44711.074,319.89908,0
3860,2390,0.3277241092759946,26157.0,24114.0,837.0,46808.652,307.97162,0
3860,2391,0.3459402671469308,26156.0,24103.0,849.0,47187.816,304.9025,0
3860,2392,0.3276164893067466,26162.0,24112.0,861.0,43694.05,302.38068,0
3860,2393,0.341528649315914,26198.0,24152.0,872.0,28008.66,293.6821,0
3860,2394,0.3595106550907656,26262.0,24212.0,877.0,14526.011,253.81079,0
3860,2395,0.38219895287958117,26338.0,24286.0,880.0,18112.15,206.56505,0
3860,2396,0.4060370009737098,26460.0,24350.0,882.0,26584.3,177.08916,0
3860,2397,0.4151749126515119,26667.0,24410.0,878.0,37026.004,163.76765,0
3860,2398,0.4178934491922217,26830.0,24474.0,874.0,43335.723,164.95361,0
3860,2399,0.41996985374994905,26883.0,24536.0,870.0,44932.45,172.51912,0
3860,2400,0.4078389830508475,26899.0,24590.0,869.0,44109.184,181.16914,0
3860,2401,0.4222563577402287,26907.0,24634.0,870.0,44824.156,186.3402,0
3860,2402,0.41956077630234934,26890.0,24670.0,872.0,49573.582,183.12213,0
3860,2403,0.3774065305757806,26842.0,24679.0,872.0,49573.582,183.12213,0
3860,2404,0.3391507232851143,26754.0,24658.0,871.0,55395.71,182.32782,0
3860,2405,0.3366488140780413,26659.0,24607.0,874.0,55981.156,184.61066,0
3860,2406,0.336679573593384,26584.0,24549.0,875.0,49006.633,187.38605,0
3860,2407,0.35894230769230767,26522.0,24498.0,878.0,39007.5,196.76256,0
3860,2408,0.38394201807228917,26494.0,24451.0,881.0,28757.781,200.1363,0
3860,2409,0.4110699198206742,26528.0,24436.0,881.0,21335.885,207.64598,0
3860,2410,0.41075250406643266,26626.0,24490.0,885.0,17135.49,209.93152,0
3860,2411,0.4203011422637591,26727.0,24572.0,885.0,14650.938,190.61966,0
3860,2412,0.4128918396503908,26805.0,24642.0,886.0,12886.039,204.77515,0
3860,2413,0.42972509992658453,26857.0,24698.0,890.0,12241.323,233.97263,0
3860,2414,0.39931856899488927,26904.0,24755.0,894.0,11700.0,247.38014,0
3860,2415,0.369814731134207,26963.0,24817.0,897.0,12807.225,251.56505,0
3860,2416,0.3521469196370425,27060.0,24896.0,902.0,20651.03,258.69006,0
3860,2417,0.37703498441288535,27325.0,25034.0,909.0,31615.502,265.10092,0
3860,2418,0.4256288036770652,27707.0,25317.0,918.0,38794.07,266.0091,0
3860,2419,0.3965649626187108,28029.0,25629.0,929.0,44040.266,262.36667,0
3860,2420,0.36490727532097006,28177.0,25825.0,944.0,41365.746,255.51024,0
3860,2421,0.3742389877044288,28255.0,25851.0,954.0,31435.648,246.37062,0
3860,2422,0.35859400193485974,28362.0,25830.0,958.0,24391.494,240.12401,0
3860,2423,0.36391280140477106,28571.0,25884.0,964.0,19469.977,236.30994,0
3860,2424,0.34986296676944156,28851.0,26081.0,968.0,18323.346,245.32314,0
3860,2425,0.32885096112404105,29179.0,26367.0,973.0,26652.768,258.31064,0
3860,2426,0.372915222444236,29536.0,26687.0,982.0,41750.688,262.5686,0
3860,2427,0.34072043852779954,29882.0,26966.0,996.0,57448.63,264.15543,0
3860,2428,0.26025179128041126,30191.0,27167.0,1015.0,57628.117,268.21008,0
3860,2429,0.2517018236826624,30362.0,27239.0,1030.0,69273.695,276.34018,0
3860,2430,0.23144947343034006,30242.0,27147.0,1053.0,77822.68,275.97433,0
3860,2431,0.29363073974035026,29535.0,26746.0,1072.0,63025.71,268.36343,0
3860,2432,0.375458486162054,28626.0,26033.0,1089.0,48403.77,264.1304,0
3860,2433,0.42378265412748173,27995.0,25396.0,1100.0,37352.71,269.30972,0
3860,2434,0.4266254387431055,27631.0,25126.0,1110.0,42300.0,270.0,0
3860,2435,0.4691965703397904,27335.0,24970.0,1123.0,55865.285,267.2298,0
3860,2436,0.4531494955179483,27169.0,24877.0,1140.0,61782.887,266.24146,0
3860,2437,0.42051523048660655,27171.0,24859.0,1156.0,51908.24,265.52512,0
3860,2438,0.4418193506910961,27277.0,24914.0,1168.0,36674.31,263.65982,0
3860,2439,0.46707550785741664,27384.0,25003.0,1176.0,27134.664,264.2894,0
3860,2440,0.3551163532036978,27389.0,25054.0,1176.0,27134.664,264.2894,0
3860,2441,0.3853956247045171,27331.0,25021.0,1182.0,25240.146,281.30994,0
3860,2442,0.4104852686308492,27272.0,24955.0,1188.0,33494.03,300.69974,0
3860,2443,0.3842417701025364,27221.0,24883.0,1197.0,45000.0,306.8699,0
3860,2444,0.40918981185204145,27145.0,24816.0,1209.0,49968.24,308.41806,0
3860,2445,0.39807454513336865,27042.0,24745.0,1220.0,45403.195,309.36932,0
3860,2446,0.42050520059435365,26959.0,24677.0,1229.0,32481.148,312.75427,0
3860,2447,0.42510881624989333,26950.0,24631.0,1233.0,19187.105,320.7106,0
3860,2448,0.4283640090532519,26963.0,24624.0,1236.0,11384.199,341.56506,0
3860,2449,0.4050742068715109,26976.0,24661.0,1236.0,10359.778,34.380344,0
3860,2450,0.4416031472830096,26986.0,24716.0,1232.0,14911.237,84.80557,0
3860,2451,0.4049313255005792,26993.0,24737.0,1228.0,28181.643,109.592285,0
3860,2452,0.44620739901238565,26994.0,24727.0,1218.0,39028.258,110.94265,1
3860,2453,0.44456263808199004,26989.0,24707.0,1208.0,32853.082,103.46521,0
3860,2454,0.4198682296568837,26981.0,24718.0,1201.0,17076.299,71.56505,1
3860,2455,0.4177081499735962,26970.0,24743.0,1199.0,18011.246,12.9946165,1
3860,2456,0.38956084852995904,26966.0,24777.0,1198.0,25455.844,351.8699,1
3860,2457,0.38981804815291304,26976.0,24817.0,1201.0,31647.512,330.15408,0
3860,2458,0.4141964992523529,27084.0,24880.0,1207.0,40219.023,310.46222,1
3860,2459,0.465842908861955,27256.0,24997.0,1217.0,53585.914,299.14807,1
3860,2460,0.4354516621637496,27388.0,25112.0,1234.0,55789.113,303.81824,1
3860,2461,0.34544761904761906,27434.0,25142.0,1244.0,48441.406,324.83356,1
3860,2462,0.4016494383699668,27444.0,25111.0,1249.0,47045.99,345.0333,1
3860,2463,0.48120527306967986,27428.0,25064.0,1250.0,47495.79,350.1807,0
3860,2464,0.47600657668336327,27392.0,25009.0,1253.0,51201.22,347.30734,1
3860,2465,0.47743869628718577,27314.0,24944.0,1256.0,60037.49,347.00537,1
3860,2466,0.4589386994017559,27229.0,24856.0,1260.0,63630.062,345.6689,1
3860,2467,0.45072115384615385,27165.0,24783.0,1265.0,53157.17,346.78726,1
3860,2468,0.40960337780173384,27132.0,24758.0,1268.0,39214.6,3.2892427,1
3860,2469,0.3561362301820317,27112.0,24777.0,1264.0,33300.0,18.924644,1
3860,2470,0.35895078159028215,27111.0,24814.0,1261.0,27534.705,11.309933,1
3860,2471,0.34698901964646217,27152.0,24850.0,1260.0,23477.756,347.82855,1
3860,2472,0.3631798370286147,27243.0,24882.0,1263.0,24258.297,319.51398,0
3860,2473,0.365625,27333.0,24916.0,1269.0,25216.066,304.8245,0
3860,2474,0.3616227335789121,27396.0,24953.0,1275.0,24233.242,301.3287,1
3860,2475,0.3475010992232156,27446.0,24989.0,1281.0,18553.975,320.90613,0
3860,2476,0.36591923944879245,27501.0,25094.0,1281.0,19820.443,357.39743,0
3860,2477,0.36906422901130626,27559.0,25254.0,1281.0,19820.443,357.39743,0
3860,2478,0.3831105314639713,27728.0,25431.0,1281.0,27892.74,10.222169,0
3860,2479,0.3753576616630717,28580.0,25919.0,1279.0,33872.777,19.397812,1
3860,2480,0.272,29594.0,26778.0,1275.0,36224.3,26.565052,0
3860,2481,0.19094583670169765,30167.0,27461.0,1269.0,38647.64,27.758541,1
3860,2482,0.20120788302606485,30310.0,27525.0,1264.0,41876.605,28.217356,1
3860,2483,0.21998148371774745,30409.0,27483.0,1258.0,42199.348,21.914865,0
3860,2484,0.2611725432923013,30448.0,27446.0,1256.0,43148.406,7.792078,1
3860,2485,0.27849740932642486,30411.0,27383.0,1255.0,46938.258,355.6013,0
3860,2486,0.26893767763726983,30394.0,27331.0,1257.0,51406.47,346.3287,0
3860,2487,0.24495092870468002,30306.0,27261.0,1261.0,53233.31,342.79044,1
3860,2488,0.2686890131874413,30114.0,27155.0,1266.0,51826.25,339.67685,1
3860,2489,0.3095427352215203,29704.0,26906.0,1272.0,47252.145,340.5297,0
3860,2490,0.3553215780794114,29141.0,26451.0,1275.0,43021.508,344.21924,1
3860,2491,0.38605442176870747,28698.0,25998.0,1279.0,41837.902,341.1753,0
3860,2492,0.3936296431504974,28501.0,25798.0,1284.0,41292.25,343.53998,0
3860,2493,0.4289396803574497,28441.0,25800.0,1285.0,44319.86,347.0926,0
3860,2494,0.40925925925925927,28508.0,25898.0,1289.0,49642.977,351.13538,0
3860,2495,0.3458578167673591,28739.0,26087.0,1290.0,56521.15,350.83765,0
3860,2496,0.323958459611266,29122.0,26347.0,1293.0,63773.113,351.0694,0
3860,2497,0.29893352577980914,29545.0,26629.0,1294.0,69763.06,358.89117,0
3860,2498,0.2516840171463564,29799.0,26861.0,1293.0,74346.76,6.9529576,0
3860,2499,0.28254263042377176,29849.0,26895.0,1290.0,74878.7,13.201087,0
3860,2500,0.3017578125,29753.0,26758.0,1285.0,68989.56,15.124007,0
3860,2501,0.3144220811382773,29552.0,26581.0,1280.0,62929.246,16.620756,0
3860,2502,0.31889300895360406,29302.0,26379.0,1274.0,58924.23,17.32792,0
3860,2503,0.31245047312730156,29028.0,26187.0,1271.0,52671.15,16.886791,0
3860,2504,0.3530201342281879,28745.0,25992.0,1267.0,45197.566,12.652556,0
3860,2505,0.3850458439154578,28487.0,25807.0,1265.0,37971.043,5.440332,0
3860,2506,0.38929397118975634,28317.0,25668.0,1265.0,32524.76,14.4207735,0
3860,2507,0.36269476718004146,28256.0,25640.0,1260.0,30791.314,26.939528,0
3860,2508,0.3367197510525352,28278.0,25711.0,1255.0,28982.236,25.769327,0
3860,2509,0.29023145616912704,28354.0,25820.0,1251.0,27725.26,13.134023,0
3860,2510,0.24921195012938133,28483.0,25936.0,1251.0,27483.176,357.18445,0
3860,2511,0.256036382390173,28653.0,26069.0,1253.0,23304.613,349.99203,0
3860,2512,0.2660120181738238,28858.0,26210.0,1254.0,13242.545,350.2176,0
3860,2513,0.2496570644718793,29212.0,26375.0,1254.0,2846.0498,18.434948,0
3860,2514,0.2550577704708408,29595.0,26638.0,1254.0,2846.0498,18.434948,0
3860,2515,0.22337673005051542,29819.0,26868.0,1253.0,5247.857,149.03624,0
3860,2516,0.2279280456465874,29728.0,26949.0,1251.0,7768.2046,169.99202,0
3860,2517,0.2354467606608425,29255.0,26615.0,1251.0,8297.59,192.52881,0
3860,2518,0.3198537708173489,28694.0,26050.0,1252.0,11613.139,215.53767,0
3860,2519,0.42981925105941365,28365.0,25662.0,1255.0,18499.324,221.05481,0
3860,2520,0.47030278724684177,28147.0,25556.0,1259.0,21335.885,207.64598,0
3860,2521,0.42170516304347827,27980.0,25485.0,1262.0,22598.783,192.65256,0
3860,2522,0.4075019137535085,27857.0,25438.0,1263.0,27007.498,190.561,0
3860,2523,0.3669101194748174,27774.0,25387.0,1265.0,30784.736,195.25511,0
3860,2524,0.3345456119842404,27721.0,25318.0,1268.0,27943.514,194.93141,0
3860,2525,0.3411601571527617,27702.0,25259.0,1269.0,22273.863,188.1301,0
3860,2526,0.37446249943420995,27721.0,25238.0,1270.0,16595.18,167.47119,0
3860,2527,0.3710237402646148,27792.0,25272.0,1267.0,9961.175,161.56505,0
3860,2528,0.42356319375991086,27838.0,25316.0,1267.0,9266.067,240.94539,0
3860,2529,0.3675606171932403,27827.0,25329.0,1271.0,16656.08,271.54816,0
3860,2530,0.34473533346073,27787.0,25312.0,1277.0,28496.053,285.57254,0
3860,2531,0.35103471455322416,27724.0,25272.0,1288.0,37352.71,291.9296,0
3860,2532,0.3709700126707025,27652.0,25214.0,1298.0,36452.777,298.77982,0
3860,2533,0.34327647002763745,27599.0,25163.0,1305.0,33878.754,309.6107,0
3860,2534,0.36298915825229167,27552.0,25140.0,1312.0,35146.125,320.19443,0
3860,2535,0.3815614541787008,27504.0,25113.0,1318.0,44661.227,319.0856,0
3860,2536,0.38427216954824317,27450.0,25086.0,1328.0,56653.55,316.28732,0
3860,2537,0.3460232435793199,27407.0,25069.0,1340.0,61940.01,319.71475,0
3860,2538,0.34340606294651477,27397.0,25064.0,1352.0,63630.062,323.04907,0
3860,2539,0.3896210873146623,27436.0,25094.0,1362.0,59044.39,322.4314,0
3860,2540,0.3650148802494213,27547.0,25171.0,1370.0,48782.99,322.49585,0
3860,2541,0.31780914956580797,27772.0,25308.0,1377.0,38289.684,330.42215,0
3860,2542,0.3017421602787456,28051.0,25484.0,1381.0,32481.148,349.62415,0
3860,2543,0.311014728472034,28297.0,25662.0,1381.0,33312.16,1.5481577,0
3860,2544,0.2919296555046977,28412.0,25821.0,1380.0,34200.0,0.0,0
3860,2545,0.2897233007322947,28447.0,25938.0,1381.0,32853.082,359.21518,0
3860,2546,0.2587510641494316,28516.0,26046.0,1381.0,28260.574,9.162347,0
3860,2547,0.2560698942897138,28778.0,26177.0,1379.0,22346.477,25.016893,0
3860,2548,0.23341001592638472,29381.0,26552.0,1375.0,15273.507,45.0,0
3860,2549,0.299655085387398,30052.0,27133.0,1372.0,14428.098,93.57633,0
3860,2550,0.3101765090433646,30494.0,27595.0,1366.0,21971.8,124.99202,0
3860,2551,0.2157054814089221,30662.0,27694.0,1366.0,21971.8,124.99202,0
3860,2552,0.16708107447112053,30666.0,27605.0,1362.0,25959.969,146.30994,0
3860,2553,0.1974692261341138,30518.0,27408.0,1359.0,32130.127,142.9696,0
3860,2554,0.2895618384027871,30175.0,27148.0,1353.0,37107.95,129.09386,0
3860,2555,0.31996196075041067,29573.0,26740.0,1344.0,35455.887,113.96249,0
3860,2556,0.27307431286053613,28997.0,26267.0,1335.0,33602.68,97.69605,0
3860,2557,0.3076179516685846,28764.0,25995.0,1326.0,27914.512,91.84761,0
3860,2558,0.3720687621898671,28777.0,26043.0,1319.0,22517.992,92.29061,0
3860,2559,0.38369764370020026,28903.0,26177.0,1313.0,19881.65,95.19443,0
3860,2560,0.28351166905383773,29071.0,26412.0,1308.0,21721.533,103.172554,0
3860,2561,0.2867745163442295,29196.0,26557.0,1300.0,23068.81,110.556046,0
3860,2562,0.3010566429932444,29232.0,26551.0,1295.0,22490.998,109.88516,0
3860,2563,0.3437868824818749,29205.0,26461.0,1289.0,21637.467,106.92751,0
3860,2564,0.37425516284384946,29150.0,26330.0,1283.0,19070.658,109.29005,0
3860,2565,0.38096649866587606,29112.0,26266.0,1279.0,22812.826,104.85861,0
3861,2347,0.39668426414744834,26691.0,24549.0,817.0,34270.98,346.3287,0
3861,2348,0.42517835392378633,26698.0,24542.0,820.0,43335.723,344.9536,0
3861,2349,0.4226243575039293,26722.0,24549.0,823.0,52985.47,339.10223,0
3861,2350,0.40185022026431716,26718.0,24563.0,827.0,55818.14,343.61047,0
3861,2351,0.4311059525783452,26709.0,24563.0,830.0,56467.38,354.97092,0
3861,2352,0.41377968080965355,26701.0,24553.0,831.0,59644.95,5.194429,0
3861,2353,0.3857261871702305,26692.0,24542.0,829.0,63234.207,16.113419,0
3861,2354,0.3889276900870699,26672.0,24528.0,822.0,65114.86,23.198591,0
3861,2355,0.395669473489405,26639.0,24510.0,813.0,62044.54,18.172127,0
3861,2356,0.38156971030093134,26610.0,24488.0,809.0,56553.383,5.937416,0
3861,2357,0.3583502366463827,26604.0,24466.0,809.0,53973.742,352.81573,0
3861,2358,0.36679352997145576,26616.0,24461.0,814.0,54984.77,352.00253,0
3861,2359,0.3688064669519734,26640.0,24491.0,814.0,59834.773,6.911227,0
3861,2360,0.40177960301163584,26662.0,24529.0,811.0,68922.02,16.305096,0
3861,2361,0.42274640477025605,26661.0,24544.0,805.0,76579.37,23.552263,0
3861,2362,0.4071617442746381,26641.0,24525.0,793.0,73285.09,21.997404,0
3861,2363,0.380375167073789,26614.0,24490.0,787.0,63792.164,16.38954,0
3861,2364,0.34815104293879146,26601.0,24467.0,783.0,62360.324,20.265697,0
3861,2365,0.36633851714462357,26613.0,24472.0,777.0,66818.56,27.25533,0
3861,2366,0.37873412994772215,26632.0,24491.0,777.0,66818.56,27.25533,0
3861,2367,0.38589096299041176,26632.0,24501.0,766.0,72462.58,37.937397,0
3861,2368,0.3967396199225435,26605.0,24483.0,750.0,67123.95,39.55967,0
3861,2369,0.40318966653486227,26575.0,24445.0,739.0,49854.64,30.963757,0
3861,2370,0.39090537409712445,26546.0,24402.0,734.0,32312.38,12.875002,0
3861,2371,0.3700081110740016,26519.0,24365.0,735.0,21068.459,340.0169,0
3861,2372,0.4040541768930097,26493.0,24339.0,739.0,14692.345,297.34988,0
3861,2373,0.42417427349296644,26465.0,24317.0,744.0,15180.415,258.02386,0
3861,2374,0.42261534358609654,26434.0,24301.0,749.0,15601.442,236.7683,0
3861,2375,0.40730221265289296,26415.0,24292.0,752.0,15326.447,220.23636,0
3861,2376,0.3748318924111431,26416.0,24306.0,755.0,15960.733,229.57393,0
3861,2377,0.36087211576065703,26425.0,24334.0,758.0,18792.55,253.30075,0
3861,2378,0.3853512144799775,26433.0,24353.0,764.0,21618.742,267.61404,0
3861,2379,0.4005392313668144,26446.0,24353.0,769.0,33098.715,277.02838,0
3861,2380,0.4175702589068378,26456.0,24345.0,784.0,36563.71,283.52316,0
3861,2381,0.40558902124190405,26450.0,24325.0,791.0,37026.004,286.23236,0
3861,2382,0.3730196831493039,26422.0,24296.0,805.0,45260.246,287.35403,0
3861,2383,0.39048067860508956,26368.0,24255.0,817.0,41365.746,300.74997,0
3861,2384,0.38605619146722164,26324.0,24217.0,823.0,43915.94,315.83032,0
3861,2385,0.37283879068868925,26292.0,24193.0,835.0,48554.145,325.57352,0
3861,2386,0.37185515536380825,26256.0,24179.0,841.0,43293.65,339.30453,0
3861,2387,0.36764846973040394,26216.0,24170.0,842.0,39358.926,337.83365,0
3861,2388,0.3796476565838834,26182.0,24153.0,846.0,37698.08,336.80142,0
3861,2389,0.3781722235548093,26173.0,24134.0,850.0,29198.031,331.46002,0
3861,2390,0.36124425315465125,26179.0,24121.0,857.0,19144.842,293.55228,0
3861,2391,0.35449576249937315,26190.0,24118.0,862.0,15286.759,227.38594,0
3861,2392,0.3697265625,26208.0,24133.0,860.0,26857.121,188.67317,0
3861,2393,0.38209139759379906,26247.0,24181.0,861.0,38379.49,175.29214,0
3861,2394,0.40323979009810634,26306.0,24250.0,858.0,46609.227,169.99202,0
3861,2395,0.4118119368364707,26377.0,24320.0,856.0,52970.18,170.21759,0
3861,2396,0.41914477968309094,26509.0,24378.0,853.0,55632.812,170.69006,0
3861,2397,0.42116704317804016,26696.0,24434.0,851.0,51802.8,172.01067,0
3861,2398,0.4212994542974079,26839.0,24489.0,849.0,43433.742,174.05313,0
3861,2399,0.43386618807128846,26846.0,24538.0,848.0,38316.12,176.63354,0
3861,2400,0.42744029628368313,26805.0,24562.0,848.0,40589.9,176.18593,0
3861,2401,0.4388935456831517,26784.0,24575.0,846.0,45035.984,177.7094,0
3861,2402,0.4112185357127646,26775.0,24589.0,847.0,45000.0,180.0,0
3861,2403,0.3803365317758309,26744.0,24605.0,847.0,45000.0,180.0,0
3861,2404,0.3684716745214966,26696.0,24602.0,846.0,38316.12,183.36646,0
3861,2405,0.3525417151726814,26637.0,24584.0,846.0,30994.516,205.821,0
3861,2406,0.3363783423732039,26588.0,24558.0,852.0,32104.906,238.76079,0
3861,2407,0.33261444956376823,26550.0,24523.0,861.0,33536.324,258.38852,0
3861,2408,0.36184526669870254,26532.0,24488.0,871.0,29713.633,268.26428,0
3861,2409,0.41539928073140087,26563.0,24464.0,879.0,22571.885,274.5739,0
3861,2410,0.399239883746926,26676.0,24501.0,884.0,16801.34,290.37643,0
3861,2411,0.4158244795715643,26814.0,24604.0,887.0,20374.617,316.78992,0
3861,2412,0.3767120401196848,26916.0,24705.0,891.0,27798.201,330.9454,0
3861,2413,0.35694158220128697,26965.0,24771.0,894.0,30173.498,342.64597,0
3861,2414,0.3925913103687035,27005.0,24826.0,895.0,27238.943,352.40536,0
3861,2415,0.38521880921951435,27061.0,24885.0,896.0,12158.33,267.8789,0
3861,2416,0.38797960826401934,27149.0,24952.0,898.0,20700.0,270.0,0
3861,2417,0.40661265601051017,27371.0,25086.0,907.0,30652.895,266.63354,0
3861,2418,0.40031125713297594,27686.0,25339.0,918.0,36784.574,262.2664,0
3861,2419,0.37664851784634,27956.0,25605.0,929.0,38146.625,252.84758,0
3861,2420,0.3664375252729478,28084.0,25767.0,938.0,39209.438,238.13402,0
3861,2421,0.34517175413790235,28171.0,25781.0,946.0,38442.75,231.65442,0
3861,2422,0.2975896431309088,28294.0,25762.0,956.0,31596.281,234.2726,0
3861,2423,0.36685470616976856,28515.0,25830.0,960.0,23546.656,243.92464,0
3861,2424,0.34118249296135145,28767.0,26024.0,965.0,22273.863,261.8699,0
3861,2425,0.3531020709416924,29047.0,26280.0,972.0,26553.812,270.971,0
3861,2426,0.3799588361112232,29344.0,26542.0,980.0,37896.305,265.9144,0
3861,2427,0.37222158679324413,29655.0,26783.0,995.0,53657.664,258.87854,0
3861,2428,0.26399664499895154,29946.0,26973.0,1010.0,66212.73,260.2176,0
3861,2429,0.14301714482639785,30137.0,27058.0,1030.0,75452.53,264.86743,0
3861,2430,0.1898060098896919,30027.0,27017.0,1054.0,67256.56,259.5923,0
3861,2431,0.23512556885218272,29322.0,26593.0,1069.0,57578.902,245.03722,0
3861,2432,0.35865368474064124,28478.0,25905.0,1082.0,59376.133,242.46393,0
3861,2433,0.42675105838957117,27968.0,25342.0,1097.0,49163.402,246.2505,0
3861,2434,0.4385372482806902,27615.0,25123.0,1105.0,43545.492,251.93953,0
3861,2435,0.44703133811326834,27330.0,24964.0,1119.0,55017.906,254.82709,0
3861,2436,0.4365679264555669,27176.0,24869.0,1136.0,64624.76,257.125,0
3861,2437,0.4392447302026532,27182.0,24852.0,1154.0,56896.09,261.3572,0
3861,2438,0.45395672089717265,27258.0,24893.0,1166.0,38316.12,266.63354,0
3861,2439,0.43266932270916336,27319.0,24948.0,1174.0,33098.715,277.02838,0
3861,2440,0.3888384380417733,27288.0,24965.0,1174.0,33098.715,277.02838,0
3861,2441,0.40939597315436244,27219.0,24932.0,1184.0,43134.324,293.35556,0
3861,2442,0.41246060187383965,27153.0,24881.0,1196.0,54466.734,308.29016,0
3861,2443,0.407136563876652,27106.0,24826.0,1208.0,56017.32,316.30194,0
3861,2444,0.3999200958849381,27048.0,24775.0,1219.0,49638.895,315.0,0
3861,2445,0.41549568132009795,26985.0,24715.0,1229.0,38204.973,313.09085,0
3861,2446,0.42834267413931143,26938.0,24660.0,1235.0,23581.031,318.09406,0
3861,2447,0.4043540328336902,26919.0,24632.0,1238.0,13119.642,329.03625,0
3861,2448,0.4153525348625049,26946.0,24641.0,1238.0,7256.0317,352.87497,0
3861,2449,0.4147682639434407,26964.0,24676.0,1238.0,9460.708,64.653824,0
3861,2450,0.43307743658210945,26978.0,24714.0,1234.0,22517.992,87.70939,0
3861,2451,0.4449884676081415,26991.0,24729.0,1223.0,32926.965,93.91825,0
3861,2452,0.4315886518878599,27002.0,24733.0,1213.0,36179.55,95.710594,1
3861,2453,0.4382013201320132,27010.0,24735.0,1203.0,24366.576,94.2364,0
3861,2454,0.4420551543007223,27009.0,24750.0,1201.0,6854.196,66.80141,1
3861,2455,0.45525515654532006,27000.0,24790.0,1202.0,9460.708,334.65384,0
3861,2456,0.4132956901495434,26992.0,24837.0,1205.0,16981.166,327.99463,1
3861,2457,0.38781277061209607,27002.0,24876.0,1207.0,25487.645,317.8624,1
3861,2458,0.4315683477385248,27100.0,24913.0,1213.0,39338.34,305.69006,1
3861,2459,0.45140304122903274,27239.0,24977.0,1224.0,52732.63,297.43973,1
3861,2460,0.4482444140446876,27329.0,25054.0,1239.0,53183.832,293.9625,1
3861,2461,0.405705037426664,27353.0,25081.0,1253.0,40449.97,302.27563,0
3861,2462,0.4805002590098424,27361.0,25053.0,1260.0,33824.918,326.94418,0
3861,2463,0.513071070565752,27347.0,25006.0,1262.0,39844.7,341.56506,1
3861,2464,0.48504580904066025,27313.0,24952.0,1265.0,46981.38,339.82935,0
3861,2465,0.48392174499662693,27236.0,24882.0,1272.0,49052.062,337.90576,1
3861,2466,0.45294187755750664,27158.0,24804.0,1279.0,42567.242,346.5514,1
3861,2467,0.4315907040680442,27115.0,24751.0,1278.0,32853.082,0.7848246,1
3861,2468,0.36259277585353783,27116.0,24749.0,1276.0,27608.15,19.025606,1
3861,2469,0.34972268025783243,27141.0,24799.0,1271.0,28174.457,26.565052,1
3861,2470,0.35631009336244135,27181.0,24869.0,1268.0,27394.617,14.264512,1
3861,2471,0.3589995533720411,27252.0,24939.0,1267.0,27134.664,354.2894,1
3861,2472,0.3845949770074284,27376.0,24997.0,1269.0,29583.863,333.8247,1
3861,2473,0.38331130656701456,27499.0,25055.0,1273.0,30968.371,324.4623,0
3861,2474,0.36064504101416855,27582.0,25100.0,1278.0,30652.895,319.76364,0
3861,2475,0.3958019661677442,27616.0,25150.0,1284.0,26857.121,328.70697,1
3861,2476,0.37539928707004305,27649.0,25258.0,1287.0,25431.969,346.70142,1
3861,2477,0.387681660899654,27703.0,25425.0,1287.0,25431.969,346.70142,0
3861,2478,0.3900696391426246,28036.0,25632.0,1289.0,27453.688,359.06082,1
3861,2479,0.3170817565783684,29098.0,26281.0,1288.0,31306.549,18.434948,0
3861,2480,0.22282293016397836,30153.0,27206.0,1283.0,35232.44,24.928474,1
3861,2481,0.157254561251086,30487.0,27795.0,1280.0,37939.03,22.306206,1
3861,2482,0.191232423490488,30432.0,27607.0,1276.0,42084.023,24.64677,1
3861,2483,0.20647739915118052,30343.0,27335.0,1270.0,42409.965,19.203974,1
3861,2484,0.2767671627867532,30201.0,27174.0,1268.0,41487.95,3.731397,1
3861,2485,0.3072405290293656,29992.0,27028.0,1269.0,47303.543,348.4763,1
3861,2486,0.3493234413859967,29816.0,26914.0,1273.0,56078.74,342.72827,1
3861,2487,0.3154281272939246,29719.0,26809.0,1278.0,58177.188,345.21133,0
3861,2488,0.3133303208314505,29551.0,26705.0,1281.0,53699.16,346.42957,1
3861,2489,0.32000852333262303,29246.0,26534.0,1285.0,45541.246,348.02386,1
3861,2490,0.37400322111796364,28850.0,26201.0,1287.0,39193.94,347.39984,0
3861,2491,0.38859172407890796,28530.0,25853.0,1290.0,36998.65,341.56506,1
3861,2492,0.3902870357774452,28323.0,25668.0,1292.0,37026.004,339.36246,0
3861,2493,0.4228443062035597,28218.0,25604.0,1298.0,38448.016,339.44397,0
3861,2494,0.4363343120631901,28273.0,25658.0,1301.0,42983.836,340.42688,0
3861,2495,0.3886552889768324,28500.0,25811.0,1305.0,52095.152,340.3129,0
3861,2496,0.39794054143829927,28813.0,26067.0,1311.0,58968.89,344.0546,0
3861,2497,0.3367795958473961,29177.0,26363.0,1316.0,61031.016,354.4996,0
3861,2498,0.26468043021387067,29458.0,26610.0,1316.0,62240.06,7.8957653,0
3861,2499,0.31441066050579647,29629.0,26714.0,1311.0,62096.74,20.799028,0
3861,2500,0.3042991298354441,29668.0,26713.0,1303.0,58396.062,24.590117,0
3861,2501,0.3091726618705036,29558.0,26590.0,1296.0,54007.5,23.574707,0
3861,2502,0.3347697279827633,29332.0,26411.0,1292.0,49237.484,30.784147,0
3861,2503,0.30883174958077136,29075.0,26216.0,1283.0,40072.746,34.939312,0
3861,2504,0.3434915498022294,28810.0,26023.0,1278.0,30600.0,28.072487,0
3861,2505,0.3396396396396396,28542.0,25824.0,1275.0,24581.701,23.749495,0
3861,2506,0.3894383761933431,28323.0,25660.0,1272.0,22382.693,30.17352,0
3861,2507,0.4188477297432896,28178.0,25574.0,1268.0,24852.062,31.675468,0
3861,2508,0.3369955055159577,28115.0,25564.0,1265.0,27914.512,20.772255,0
3861,2509,0.3136583974907328,28128.0,25597.0,1263.0,31615.502,4.8990927,0
3861,2510,0.3018867924528302,28210.0,25694.0,1263.0,35146.125,357.06433,0
3861,2511,0.30847621347500603,28345.0,25810.0,1262.0,35111.535,1.4688007,0
3861,2512,0.3151378997179867,28540.0,25931.0,1260.0,32123.822,11.309933,0
3861,2513,0.2904072310234231,28910.0,26162.0,1257.0,27328.008,17.241459,0
3861,2514,0.31780809741789257,29358.0,26483.0,1257.0,27328.008,17.241459,0
3861,2515,0.267538541486229,29513.0,26721.0,1255.0,23060.031,17.020525,0
3861,2516,0.288738504251258,29394.0,26767.0,1254.0,19604.719,9.246113,0
3861,2517,0.31051045805860006,29104.0,26486.0,1255.0,17601.846,355.6013,0
3861,2518,0.3699850061338543,28719.0,26039.0,1255.0,19070.658,340.70996,0
3861,2519,0.4687881532826592,28438.0,25751.0,1257.0,20933.467,334.53665,0
3861,2520,0.41884289193047275,28203.0,25629.0,1258.0,18803.324,338.9625,0
3861,2521,0.3925666812418015,28006.0,25534.0,1259.0,14512.063,352.87497,0
3861,2522,0.36692871654447484,27860.0,25452.0,1258.0,9940.825,5.194429,0
3861,2523,0.35374734271111313,27749.0,25376.0,1258.0,5130.7896,307.87497,0
3861,2524,0.3473176502707376,27676.0,25295.0,1262.0,8538.149,251.56505,0
3861,2525,0.37523686278134677,27648.0,25220.0,1265.0,7448.825,244.98311,0
3861,2526,0.3726681939314601,27702.0,25182.0,1266.0,3427.098,293.19858,0
3861,2527,0.36058903313311375,27839.0,25282.0,1267.0,8273.149,337.61987,0
3861,2528,0.40390436499232285,27945.0,25413.0,1269.0,15922.625,317.29062,0
3861,2529,0.3261396369621874,27944.0,25452.0,1274.0,22848.305,302.125,0
3861,2530,0.3245090075022698,27877.0,25389.0,1281.0,32449.96,289.44003,0
3861,2531,0.32647270978600623,27791.0,25321.0,1292.0,38204.973,285.01837,0
3861,2532,0.35481120007580425,27708.0,25253.0,1301.0,37568.938,288.869,0
3861,2533,0.3738239403819283,27646.0,25210.0,1312.0,39518.098,300.06857,0
3861,2534,0.35445771451236174,27593.0,25193.0,1319.0,44547.727,315.0,0
3861,2535,0.3763440860215054,27556.0,25180.0,1327.0,54822.484,318.3274,0
3861,2536,0.39489104559604465,27525.0,25168.0,1340.0,59198.523,316.23196,0
3861,2537,0.37719852079011457,27503.0,25156.0,1352.0,56653.55,313.71268,0
3861,2538,0.375740052319978,27497.0,25151.0,1364.0,50927.594,313.5679,0
3861,2539,0.3990797274577471,27518.0,25160.0,1373.0,43929.773,316.66028,0
3861,2540,0.365782129511376,27598.0,25208.0,1381.0,40219.023,319.53778,0
3861,2541,0.37355747387551114,27767.0,25309.0,1387.0,34441.906,331.09082,0
3861,2542,0.3129067245119306,27987.0,25446.0,1389.0,29301.877,349.38034,0
3861,2543,0.3323255920480051,28183.0,25600.0,1390.0,27453.688,0.9391909,0
3861,2544,0.31483468253194186,28272.0,25736.0,1390.0,26115.512,1.974934,0
3861,2545,0.31155339805825244,28313.0,25844.0,1390.0,23165.168,7.8152933,0
3861,2546,0.32477098876192273,28414.0,25952.0,1388.0,20991.428,30.963757,0
3861,2547,0.3175786561635486,28763.0,26106.0,1383.0,20523.158,52.125015,0
3861,2548,0.26960376835688554,29401.0,26553.0,1379.0,20224.984,69.14554,0
3861,2549,0.21865372766481825,30065.0,27136.0,1372.0,23060.031,84.40066,0
3861,2550,0.1849123088011532,30450.0,27536.0,1365.0,28260.574,99.162346,0
3861,2551,0.11311303537451947,30603.0,27581.0,1365.0,28260.574,99.162346,0
3861,2552,0.17603458925262508,30584.0,27483.0,1356.0,26857.121,121.29304,0
3861,2553,0.20266909814323608,30415.0,27286.0,1352.0,30553.64,133.8065,0
3861,2554,0.3302030229854217,30003.0,27018.0,1343.0,34418.383,131.82018,0
3861,2555,0.3172886244817018,29379.0,26609.0,1338.0,31287.139,130.33315,0
3861,2556,0.33847500729561847,28845.0,26180.0,1332.0,32877.727,120.42578,0
3861,2557,0.3680491144384082,28643.0,25935.0,1323.0,28778.898,116.96571,0
3861,2558,0.3708827107646555,28586.0,25928.0,1317.0,21981.014,112.89055,0
3861,2559,0.37831578027356555,28620.0,26008.0,1311.0,21637.467,106.92751,0
3861,2560,0.3608605135322693,28738.0,26130.0,1305.0,23138.928,103.495735,0
3861,2561,0.3844027475288993,28889.0,26254.0,1298.0,21897.945,99.46232,0
3861,2562,0.33921519200067224,29040.0,26351.0,1293.0,21534.275,100.84031,0
3861,2563,0.35147429128421737,29134.0,26409.0,1287.0,20846.223,103.73627,0
3861,2564,0.35271189251948915,29175.0,26399.0,1282.0,18011.246,102.99461,0
3861,2565,0.3672472662834421,29155.0,26351.0,1277.0,22945.588,101.30993,0
3862,2347,0.39997215648057916,26692.0,24539.0,822.0,20719.557,304.38034,0
3862,2348,0.40006392985981093,26701.0,24510.0,826.0,29917.387,316.21887,0
3862,2349,0.4283820727363102,26682.0,24496.0,834.0,43391.76,319.20535,0
3862,2350,0.4286571000214179,26665.0,24497.0,843.0,52732.63,332.56027,0
3862,2351,0.40997517490408486,26649.0,24502.0,846.0,53373.87,354.19327,0
3862,2352,0.4034489118406492,26635.0,24505.0,846.0,52744.15,3.4238713,0
3862,2353,0.3912194214491675,26623.0,24502.0,843.0,56352.508,18.145578,0
3862,2354,0.4035120147874307,26611.0,24494.0,835.0,60407.367,24.6559,0
3862,2355,0.387501776661771,26589.0,24481.0,830.0,60054.35,17.891876,0
3862,2356,0.3792186832486828,26570.0,24465.0,826.0,59444.3,7.3940086,0
3862,2357,0.3680719127048983,26573.0,24449.0,825.0,57775.516,355.53284,0
3862,2358,0.38277217407775727,26596.0,24452.0,828.0,56521.15,350.83765,0
3862,2359,0.3769775286236876,26618.0,24480.0,830.0,57628.117,1.7899106,0
3862,2360,0.3736077370857588,26629.0,24509.0,827.0,62538.668,13.736268,0
3862,2361,0.41743339292722276,26629.0,24513.0,821.0,70444.766,22.141237,0
3862,2362,0.40045562156608744,26623.0,24489.0,812.0,75396.16,23.198591,0
3862,2363,0.3874671462166275,26614.0,24459.0,805.0,70948.89,21.194056,0
3862,2364,0.36788667021225163,26611.0,24442.0,798.0,63346.19,22.557247,0
3862,2365,0.40300462922525987,26623.0,24462.0,792.0,62357.08,30.821936,0
3862,2366,0.3705710313084336,26636.0,24497.0,781.0,70107.63,41.87787,0
3862,2367,0.39848519623594214,26630.0,24514.0,781.0,70107.63,41.87787,0
3862,2368,0.40703517587939697,26600.0,24490.0,767.0,69719.51,39.237366,0
3862,2369,0.409667159431976,26567.0,24446.0,757.0,64430.195,28.354961,0
3862,2370,0.41347187388032963,26540.0,24400.0,748.0,57307.46,15.018361,0
3862,2371,0.3945227135351281,26520.0,24366.0,747.0,47110.508,6.5819445,0
3862,2372,0.4103310294652601,26500.0,24343.0,744.0,32029.127,4.0282636,0
3862,2373,0.40800584234789355,26479.0,24324.0,745.0,14650.938,349.38034,0
3862,2374,0.41285071165476783,26458.0,24314.0,747.0,4589.1177,258.69006,0
3862,2375,0.43162242924942873,26447.0,24315.0,749.0,11613.139,215.53767,0
3862,2376,0.39694937057796564,26447.0,24335.0,751.0,18455.486,225.0,0
3862,2377,0.37565548285303263,26455.0,24362.0,759.0,26161.996,243.43495,0
3862,2378,0.37494334149215847,26466.0,24376.0,765.0,28637.824,261.8699,0
3862,2379,0.38711752274189104,26490.0,24376.0,774.0,35100.0,270.0,0
3862,2380,0.39890563329745243,26508.0,24368.0,785.0,35621.133,266.3785,0
3862,2381,0.4089762076423937,26499.0,24349.0,793.0,35001.785,261.8699,0
3862,2382,0.42307186390143375,26450.0,24317.0,804.0,44837.707,259.5923,0
3862,2383,0.3964066193853428,26386.0,24266.0,818.0,44932.45,262.5191,0
3862,2384,0.39000942507068803,26330.0,24217.0,831.0,37800.0,270.0,0
3862,2385,0.3865249894212234,26291.0,24188.0,840.0,29253.46,270.8814,0
3862,2386,0.3968844454777959,26255.0,24175.0,847.0,16423.459,279.4623,0
3862,2387,0.3933525742482078,26223.0,24169.0,847.0,17921.076,298.49564,0
3862,2388,0.39070357663204397,26192.0,24164.0,857.0,13604.595,304.2157,0
3862,2389,0.39995332555425905,26197.0,24156.0,855.0,5130.7896,142.12502,0
3862,2390,0.38090710278596557,26227.0,24151.0,852.0,23060.031,174.40067,0
3862,2391,0.38929656461790135,26258.0,24155.0,852.0,37374.39,177.92996,0
3862,2392,0.39979023211272746,26289.0,24175.0,852.0,42538.688,173.92754,0
3862,2393,0.39547867472084935,26333.0,24231.0,849.0,43795.89,170.53767,0
3862,2394,0.4276224982746722,26389.0,24308.0,846.0,43110.844,166.10881,0
3862,2395,0.43964720705585886,26457.0,24374.0,841.0,40495.0,165.19162,0
3862,2396,0.42645449187505263,26592.0,24422.0,838.0,36185.15,169.24904,0
3862,2397,0.4389458030403173,26754.0,24469.0,836.0,30613.232,178.31532,0
3862,2398,0.41840895289320723,26864.0,24511.0,838.0,26161.996,183.94519,0
3862,2399,0.43817316523336397,26851.0,24546.0,839.0,24852.062,174.80557,0
3862,2400,0.42552732605788723,26767.0,24538.0,837.0,26849.58,166.42957,0
3862,2401,0.44579618365136237,26700.0,24516.0,835.0,28260.574,170.83765,0
3862,2402,0.3979828632631203,26683.0,24519.0,834.0,26857.121,188.67317,0
3862,2403,0.3898870161140952,26676.0,24549.0,834.0,26857.121,188.67317,0
3862,2404,0.3837837837837838,26661.0,24568.0,837.0,22310.2,228.2705,0
3862,2405,0.3728299022863106,26633.0,24577.0,843.0,29665.889,279.6052,0
3862,2406,0.38580656984468775,26610.0,24575.0,852.0,40853.457,296.8473,0
3862,2407,0.389616335500412,26608.0,24564.0,865.0,40299.504,299.42746,0
3862,2408,0.3919010428423096,26615.0,24550.0,874.0,34441.906,298.90918,0
3862,2409,0.4062981722087646,26661.0,24532.0,882.0,29829.264,303.9298,0
3862,2410,0.3972106502445209,26782.0,24576.0,887.0,32462.44,313.8767,0
3862,2411,0.39698050090232845,26918.0,24680.0,895.0,41677.87,322.0165,0
3862,2412,0.3933104707611455,27003.0,24781.0,902.0,50720.41,332.52557,0
3862,2413,0.39282309092485046,27037.0,24832.0,907.0,57080.863,345.85422,0
3862,2414,0.4100204498977505,27071.0,24870.0,909.0,60791.652,357.8789,0
3862,2415,0.43175141710455545,27120.0,24916.0,907.0,57628.117,358.21008,0
3862,2416,0.39908794788273616,27211.0,24980.0,907.0,50756.33,345.10132,0
3862,2417,0.4148799863329632,27364.0,25097.0,914.0,46704.71,334.9164,0
3862,2418,0.37307744657683406,27568.0,25268.0,920.0,44606.78,329.03625,0
3862,2419,0.42904991422269423,27743.0,25458.0,924.0,48433.047,318.0128,0
3862,2420,0.3997529496954466,27856.0,25578.0,942.0,46036.562,320.55298,0
3862,2421,0.38729043447325123,27929.0,25606.0,941.0,44058.652,325.823,0
3862,2422,0.3748112352763516,28061.0,25625.0,952.0,53491.355,312.9546,0
3862,2423,0.3681164581756666,28290.0,25719.0,966.0,58579.562,313.13232,0
3862,2424,0.34380484380484383,28561.0,25898.0,976.0,54929.5,325.00797,0
3862,2425,0.28359225367099383,28839.0,26130.0,984.0,48708.21,332.488,0
3862,2426,0.2440199405135939,29111.0,26361.0,989.0,43433.742,325.98065,0
3862,2427,0.28896342959993454,29366.0,26561.0,1001.0,42079.21,311.53177,0
3862,2428,0.23732125410782484,29622.0,26711.0,1004.0,57240.28,286.44037,0
3862,2429,0.07051858868103245,29827.0,26811.0,1030.0,69323.375,271.48785,0
3862,2430,0.12341158733577429,29672.0,26777.0,1047.0,50899.754,267.46643,0
3862,2431,0.2356106590899307,29019.0,26362.0,1057.0,41871.77,271.8476,0
3862,2432,0.3326562566120774,28319.0,25772.0,1068.0,50851.992,270.50702,0
3862,2433,0.407702854293905,27946.0,25350.0,1083.0,55916.008,266.30862,0
3862,2434,0.416422532853436,27638.0,25168.0,1099.0,52805.54,265.6013,0
3862,2435,0.43488113386345845,27390.0,25021.0,1115.0,60306.715,270.8551,0
3862,2436,0.42709317127253316,27264.0,24924.0,1136.0,69925.42,274.05936,0
3862,2437,0.43153123988345743,27258.0,24897.0,1155.0,59508.992,273.46823,0
3862,2438,0.4277750848279205,27290.0,24912.0,1167.0,47423.254,274.89908,0
3862,2439,0.42178155492603087,27300.0,24931.0,1180.0,49952.027,280.90503,0
3862,2440,0.40639116613685794,27235.0,24916.0,1180.0,49952.027,280.90503,0
3862,2441,0.41144008409250177,27149.0,24875.0,1195.0,57547.242,282.18863,0
3862,2442,0.41596438912658285,27073.0,24833.0,1211.0,52605.75,280.3487,0
3862,2443,0.4503602882305845,27027.0,24793.0,1223.0,37778.566,282.38077,0
3862,2444,0.38153564899451553,26985.0,24753.0,1232.0,29665.889,292.28558,0
3862,2445,0.3955980177686504,26944.0,24707.0,1238.0,23760.682,307.30396,0
3862,2446,0.44088907527783605,26923.0,24667.0,1242.0,17921.076,331.50436,0
3862,2447,0.39807477053951196,26925.0,24650.0,1243.0,14856.816,1.7357045,0
3862,2448,0.39005079859045355,26934.0,24658.0,1241.0,13288.341,28.300756,0
3862,2449,0.4253574342020523,26948.0,24680.0,1239.0,15601.442,56.768288,0
3862,2450,0.45351289956190166,26959.0,24704.0,1235.0,23365.36,74.35775,0
3862,2451,0.44400132934529746,26971.0,24714.0,1227.0,29481.012,77.66091,0
3862,2452,0.4401046060401552,26986.0,24723.0,1219.0,29031.104,71.00335,0
3862,2453,0.43490773658371423,26999.0,24734.0,1214.0,26370.154,64.74683,1
3862,2454,0.42344815752219983,27006.0,24763.0,1206.0,14856.816,54.865807,0
3862,2455,0.4635284650975659,27002.0,24822.0,1206.0,7029.2246,320.19443,1
3862,2456,0.437744182096144,26999.0,24881.0,1208.0,14539.945,291.80142,1
3862,2457,0.3998485590842279,27025.0,24913.0,1212.0,26849.58,283.57043,1
3862,2458,0.4233613874011732,27112.0,24934.0,1224.0,38960.75,276.6325,1
3862,2459,0.41383086595011154,27210.0,24959.0,1236.0,41852.418,270.61606,1
3862,2460,0.49748743718592964,27254.0,24989.0,1248.0,39691.938,266.09952,0
3862,2461,0.4456231206147678,27268.0,25012.0,1258.0,34306.414,265.48602,1
3862,2462,0.4352847152847153,27266.0,25009.0,1266.0,27747.162,261.6071,1
3862,2463,0.505294676111882,27259.0,24963.0,1274.0,22346.477,244.98311,0
3862,2464,0.5108193883439123,27218.0,24918.0,1278.0,18630.217,217.14668,0
3862,2465,0.47448159767388476,27152.0,24841.0,1279.0,19656.297,195.94539,0
3862,2466,0.4978967352864535,27099.0,24750.0,1280.0,19769.295,191.82149,1
3862,2467,0.4198585867349152,27097.0,24732.0,1281.0,13664.004,197.24146,0
3862,2468,0.3501625549818321,27140.0,24782.0,1282.0,2623.9285,210.96376,1
3862,2469,0.38611752174684894,27204.0,24867.0,1281.0,8561.834,356.9872,1
3862,2470,0.3893380604435989,27277.0,24965.0,1282.0,16945.354,349.28687,1
3862,2471,0.3710646041856233,27390.0,25054.0,1284.0,23649.63,338.80594,1
3862,2472,0.39066211722023064,27552.0,25146.0,1287.0,30253.926,329.62088,0
3862,2473,0.38292693342443523,27704.0,25225.0,1291.0,36319.21,326.11304,0
3862,2474,0.3821279554937413,27792.0,25290.0,1297.0,39518.098,329.93143,0
3862,2475,0.3957391304347826,27792.0,25352.0,1301.0,38146.625,342.84756,0
3862,2476,0.3694690265486726,27783.0,25440.0,1302.0,36101.11,355.71085,0
3862,2477,0.3724979052229774,27826.0,25568.0,1302.0,36101.11,355.71085,0
3862,2478,0.3728954388419994,28346.0,25781.0,1302.0,33312.16,1.5481577,0
3862,2479,0.26925664312142616,29441.0,26456.0,1302.0,31819.805,8.130102,0
3862,2480,0.20342781806196442,30352.0,27297.0,1301.0,33019.086,17.44719,1
3862,2481,0.16244663313184257,30422.0,27759.0,1298.0,34182.23,20.820892,1
3862,2482,0.1516648145861629,30275.0,27557.0,1294.0,35604.074,20.72556,1
3862,2483,0.20652455337878659,30080.0,27165.0,1291.0,35689.285,23.00887,1
3862,2484,0.2834931896816012,29833.0,26821.0,1287.0,30712.295,10.98065,0
3862,2485,0.3586155136638559,29520.0,26595.0,1287.0,28496.053,338.70264,1
3862,2486,0.40175927912465137,29218.0,26383.0,1291.0,27483.176,320.31454,1
3862,2487,0.4082475897269707,29050.0,26291.0,1297.0,21786.693,321.70984,1
3862,2488,0.3741914081937303,28936.0,26166.0,1299.0,16813.387,344.4759,0
3862,2489,0.39272230701261146,28799.0,26101.0,1299.0,16656.08,358.45184,1
3862,2490,0.42978533094812166,28642.0,25992.0,1299.0,16801.34,352.30396,1
3862,2491,0.39617593831143283,28415.0,25806.0,1300.0,15743.57,329.03625,0
3862,2492,0.381671061005546,28281.0,25648.0,1303.0,23964.348,325.71313,0
3862,2493,0.39490935394909354,28207.0,25579.0,1305.0,25740.629,323.53076,0
3862,2494,0.42161627456883577,28239.0,25598.0,1310.0,33190.36,319.3987,0
3862,2495,0.41495557539429495,28405.0,25716.0,1318.0,39707.242,321.4416,0
3862,2496,0.424461038687086,28626.0,25910.0,1325.0,38903.535,330.1729,0
3862,2497,0.3756089074460682,28898.0,26150.0,1328.0,32846.918,350.5377,0
3862,2498,0.33686244853373665,29142.0,26363.0,1328.0,30500.574,21.644436,0
3862,2499,0.32573995347717977,29378.0,26534.0,1323.0,36363.785,40.985825,0
3862,2500,0.27633087633087633,29542.0,26634.0,1313.0,39074.93,38.45371,0
3862,2501,0.27262428652346304,29561.0,26616.0,1309.0,39584.656,40.38935,0
3862,2502,0.2914714151827554,29422.0,26480.0,1298.0,41953.902,54.605206,0
3862,2503,0.3071164199192463,29192.0,26302.0,1288.0,35053.816,60.802513,0
3862,2504,0.3224143955276031,28937.0,26105.0,1282.0,22137.072,63.434948,0
3862,2505,0.3266498125708308,28650.0,25912.0,1278.0,14802.195,70.46335,0
3862,2506,0.39700515917956464,28375.0,25713.0,1274.0,11700.0,67.380135,0
3862,2507,0.41103035485250106,28145.0,25554.0,1272.0,11525.624,51.34019,0
3862,2508,0.3303328645100797,27978.0,25467.0,1269.0,12535.55,21.037512,0
3862,2509,0.325948464390986,27975.0,25464.0,1269.0,17830.451,349.8245,0
3862,2510,0.317340644276902,28041.0,25521.0,1271.0,25103.387,345.46555,0
3862,2511,0.3212332413726344,28141.0,25612.0,1273.0,32029.127,355.97174,0
3862,2512,0.3003820670310006,28305.0,25714.0,1272.0,39209.438,9.246113,0
3862,2513,0.3156118533586057,28594.0,25926.0,1268.0,43443.066,13.172553,0
3862,2514,0.38250950570342207,28926.0,26232.0,1268.0,43443.066,13.172553,0
3862,2515,0.357011474117544,29119.0,26444.0,1265.0,43596.617,11.309933,0
3862,2516,0.3228637413394919,29126.0,26396.0,1262.0,40614.836,9.566686,0
3862,2517,0.291407867494824,28981.0,26258.0,1260.0,37352.71,359.30972,0
3862,2518,0.36714911698313635,28740.0,26018.0,1262.0,40274.37,346.42957,0
3862,2519,0.40997471444764144,28482.0,25805.0,1266.0,44529.54,345.96375,0
3862,2520,0.40039583512606486,28219.0,25641.0,1269.0,46330.336,352.1847,0
3862,2521,0.36707170516757914,27985.0,25515.0,1270.0,46800.0,0.0,0
3862,2522,0.35260590032374267,27816.0,25420.0,1269.0,46938.258,4.3987055,0
3862,2523,0.37516422778960723,27710.0,25342.0,1267.0,43763.51,4.1275916,0
3862,2524,0.3553451638993292,27647.0,25271.0,1265.0,34652.92,359.25595,0
3862,2525,0.3597262952101662,27634.0,25201.0,1267.0,25079.174,350.7067,0
3862,2526,0.36199329904204613,27742.0,25162.0,1270.0,19973.107,345.65067,0
3862,2527,0.35571260306242636,27952.0,25344.0,1272.0,19645.992,339.90475,0
3862,2528,0.33837530029362045,28120.0,25571.0,1274.0,21609.373,328.62698,0
3862,2529,0.28568257491675914,28146.0,25647.0,1278.0,21646.824,313.3153,0
3862,2530,0.30794717438984553,28106.0,25576.0,1283.0,26766.49,286.607,0
3862,2531,0.3560882245716369,28027.0,25491.0,1293.0,35621.133,273.6215,0
3862,2532,0.3663622105360273,27922.0,25405.0,1304.0,39691.938,273.90048,0
3862,2533,0.39033820719079154,27802.0,25337.0,1315.0,43952.816,280.61966,0
3862,2534,0.363798962618494,27699.0,25276.0,1330.0,47045.99,291.90317,0
3862,2535,0.3710910672588251,27633.0,25238.0,1342.0,49704.125,301.67548,0
3862,2536,0.38089458305237134,27587.0,25222.0,1353.0,47080.41,305.665,0
3862,2537,0.3425664217071792,27575.0,25217.0,1361.0,44806.082,303.53046,0
3862,2538,0.36148329873561047,27579.0,25215.0,1372.0,41561.098,303.518,0
3862,2539,0.3629730962152303,27601.0,25223.0,1379.0,35915.527,307.87497,0
3862,2540,0.35615275813295616,27655.0,25255.0,1387.0,31345.334,309.17365,0
3862,2541,0.3715879475104019,27759.0,25320.0,1394.0,22945.588,318.17984,0
3862,2542,0.3365569691563776,27900.0,25414.0,1397.0,16262.38,345.57922,0
3862,2543,0.33017140173749704,28026.0,25523.0,1396.0,13767.353,11.309933,0
3862,2544,0.3262651964942041,28088.0,25626.0,1395.0,10062.306,26.565052,0
3862,2545,0.33401525013948297,28139.0,25722.0,1394.0,8655.923,62.10273,0
3862,2546,0.3159144893111639,28259.0,25822.0,1391.0,14428.098,86.42367,0
3862,2547,0.3072401567456615,28657.0,26015.0,1386.0,19820.443,92.60256,0
3862,2548,0.2781524249422633,29290.0,26463.0,1379.0,22661.422,96.84277,0
3862,2549,0.22435118024401493,29911.0,27002.0,1373.0,25967.768,98.972626,0
3862,2550,0.18990111849570432,30270.0,27325.0,1365.0,32205.668,97.22432,0
3862,2551,0.17071022499799823,30415.0,27382.0,1365.0,32205.668,97.22432,0
3862,2552,0.17239970585832176,30397.0,27288.0,1353.0,29665.889,99.6052,0
3862,2553,0.18042634850444286,30213.0,27094.0,1347.0,26766.49,106.60698,0
3862,2554,0.2725010369141435,29731.0,26827.0,1339.0,27914.512,110.772255,0
3862,2555,0.33969373847510625,29123.0,26439.0,1333.0,29024.127,119.74488,0
3862,2556,0.37352599236007306,28672.0,26070.0,1326.0,34324.117,124.31509,0
3862,2557,0.3613265579031827,28530.0,25889.0,1318.0,27431.55,131.0091,0
3862,2558,0.37755283253418576,28464.0,25860.0,1315.0,17921.076,128.88449,0
3862,2559,0.38187052870354216,28483.0,25907.0,1310.0,18553.975,104.03625,0
3862,2560,0.3928400954653938,28596.0,26006.0,1304.0,19800.0,90.0,0
3862,2561,0.39767441860465114,28767.0,26128.0,1299.0,20778.113,85.03026,0
3862,2562,0.3620170381206437,28942.0,26266.0,1293.0,23854.244,88.919075,0
3862,2563,0.3320222317229585,29093.0,26378.0,1285.0,19820.443,92.60256,0
3862,2564,0.3209431799574259,29189.0,26453.0,1282.0,16656.08,91.54816,0
3862,2565,0.33361829450737335,29235.0,26467.0,1276.0,23400.0,90.0,0
3863,2347,0.3853074898301029,26671.0,24514.0,820.0,32431.234,299.0546,0
3863,2348,0.43167848699763595,26646.0,24484.0,836.0,47162.062,311.90594,0
3863,2349,0.4460818521407167,26634.0,24463.0,836.0,58717.67,319.35107,0
3863,2350,0.46901226597805035,26621.0,24457.0,858.0,57786.027,326.4337,0
3863,2351,0.4393913489485382,26603.0,24460.0,859.0,55424.95,349.23746,0
3863,2352,0.3990416236023678,26584.0,24466.0,860.0,60791.652,2.1210964,0
3863,2353,0.402493444357547,26565.0,24469.0,859.0,64178.266,14.620874,0
3863,2354,0.40373072305845414,26550.0,24464.0,852.0,68595.12,19.148138,0
3863,2355,0.37027537143686784,26540.0,24452.0,845.0,69086.36,13.945729,0
3863,2356,0.3847095953648311,26525.0,24439.0,842.0,67090.76,6.934349,0
3863,2357,0.34822142286171065,26533.0,24431.0,842.0,63906.336,359.19308,0
3863,2358,0.3846374182460496,26570.0,24445.0,843.0,62240.06,352.10425,0
3863,2359,0.4020098196668655,26604.0,24475.0,847.0,61651.64,359.5818,0
3863,2360,0.3834358644752548,26616.0,24499.0,844.0,64602.824,10.840305,0
3863,2361,0.3802594262866707,26616.0,24496.0,841.0,70306.65,17.507164,0
3863,2362,0.39158691297574005,26615.0,24472.0,833.0,75795.28,21.232893,0
3863,2363,0.4200398717170842,26614.0,24444.0,825.0,76500.0,25.057615,0
3863,2364,0.41999053397013897,26622.0,24433.0,814.0,69855.89,28.050776,0
3863,2365,0.3877049180327869,26636.0,24464.0,807.0,65027.727,33.14022,0
3863,2366,0.3742773196853379,26645.0,24508.0,794.0,70237.49,40.322582,0
3863,2367,0.4032213782373936,26633.0,24524.0,794.0,70237.49,40.322582,0
3863,2368,0.4367602299628001,26597.0,24491.0,780.0,69786.28,35.02229,0
3863,2369,0.4317495904113133,26557.0,24439.0,771.0,66615.2,26.045769,0
3863,2370,0.4249738584872778,26529.0,24390.0,766.0,60360.418,20.056095,0
3863,2371,0.38114715114619996,26515.0,24358.0,762.0,51228.9,18.434948,0
3863,2372,0.4095307318402762,26501.0,24334.0,757.0,42199.348,21.914865,0
3863,2373,0.4378467406380028,26484.0,24318.0,752.0,30186.918,26.565052,0
3863,2374,0.4312647289866457,26468.0,24313.0,747.0,15743.57,30.963757,0
3863,2375,0.404936438712072,26457.0,24323.0,746.0,2294.5588,78.69007,0
3863,2376,0.37305724725943973,26456.0,24348.0,748.0,12743.822,227.86241,0
3863,2377,0.359400424042207,26462.0,24375.0,749.0,27783.629,245.09523,0
3863,2378,0.39224317686854177,26486.0,24389.0,763.0,33494.03,239.30028,0
3863,2379,0.35063395056097785,26525.0,24391.0,771.0,39783.664,232.35239,0
3863,2380,0.3860236659968743,26551.0,24384.0,781.0,43652.32,232.53944,0
3863,2381,0.39096450006979017,26538.0,24367.0,790.0,42390.86,232.76517,0
3863,2382,0.42302796189807296,26476.0,24333.0,799.0,48674.94,236.30994,0
3863,2383,0.3791430096569127,26401.0,24278.0,812.0,56190.57,238.09189,0
3863,2384,0.3820645905420992,26344.0,24228.0,826.0,50130.082,233.02724,0
3863,2385,0.3708309234625024,26304.0,24204.0,834.0,40729.35,225.0,0
3863,2386,0.40395054970119976,26268.0,24192.0,841.0,33734.996,223.91908,0
3863,2387,0.4209988901220866,26241.0,24187.0,849.0,27630.146,217.05653,0
3863,2388,0.40162421557770395,26230.0,24184.0,851.0,28926.285,185.35582,0
3863,2389,0.40349592751898966,26244.0,24183.0,850.0,39028.258,159.05734,0
3863,2390,0.3625612921834439,26282.0,24187.0,843.0,44715.6,159.37646,0
3863,2391,0.3663990825688073,26327.0,24198.0,839.0,46838.926,171.7142,0
3863,2392,0.39335106382978724,26372.0,24226.0,837.0,44606.78,177.10873,0
3863,2393,0.4062918938242917,26424.0,24297.0,836.0,36998.65,175.81508,0
3863,2394,0.4281790481095232,26485.0,24379.0,835.0,28778.898,170.09581,0
3863,2395,0.42741309410851375,26559.0,24441.0,834.0,21392.756,165.37912,0
3863,2396,0.4316851836146213,26692.0,24481.0,833.0,14015.17,174.47246,0
3863,2397,0.4279794463782529,26839.0,24517.0,834.0,9266.067,209.05461,0
3863,2398,0.3934050114715012,26924.0,24547.0,835.0,6363.961,225.0,0
3863,2399,0.4048360271226918,26873.0,24565.0,835.0,3244.996,146.30994,0
3863,2400,0.40449034575662324,26751.0,24540.0,833.0,4269.0747,71.56505,0
3863,2401,0.41868302799861734,26672.0,24504.0,831.0,9044.888,5.710593,0
3863,2402,0.38613398203592814,26679.0,24503.0,830.0,18532.135,330.9454,0
3863,2403,0.39232849090325833,26680.0,24541.0,836.0,37260.434,307.1467,0
3863,2404,0.3833403567916842,26674.0,24577.0,836.0,37260.434,307.1467,0
3863,2405,0.38780300636482645,26674.0,24601.0,850.0,51173.527,304.24902,0
3863,2406,0.4036383044967309,26681.0,24616.0,865.0,47440.332,308.06564,0
3863,2407,0.40801473167309715,26694.0,24627.0,872.0,38442.75,308.34558,0
3863,2408,0.38957838218466684,26723.0,24629.0,880.0,33584.594,305.1807,0
3863,2409,0.409037558685446,26782.0,24629.0,887.0,37981.707,306.3268,0
3863,2410,0.40530865275473676,26899.0,24688.0,896.0,47097.613,314.22577,0
3863,2411,0.39523974982626825,27019.0,24782.0,905.0,52432.242,320.5722,0
3863,2412,0.3938976632095365,27069.0,24861.0,916.0,53567.016,324.57422,0
3863,2413,0.412327947336924,27086.0,24882.0,926.0,53183.832,336.0375,0
3863,2414,0.41295049337229495,27105.0,24898.0,929.0,59331.777,350.3948,0
3863,2415,0.41356599093319646,27150.0,24930.0,930.0,70720.19,357.4471,0
3863,2416,0.40732275504373433,27228.0,24989.0,928.0,75538.37,354.18753,0
3863,2417,0.41438817648337317,27332.0,25075.0,933.0,68874.99,350.5992,0
3863,2418,0.43487692949520235,27449.0,25182.0,934.0,62900.277,342.08356,0
3863,2419,0.4297991901495744,27557.0,25292.0,947.0,58965.457,333.2394,0
3863,2420,0.38925476603119585,27618.0,25366.0,947.0,56190.57,328.0919,0
3863,2421,0.3728638708230545,27683.0,25419.0,963.0,58831.37,330.69,0
3863,2422,0.39170547793302285,27797.0,25457.0,965.0,62784.273,325.51263,0
3863,2423,0.3885310431204151,28025.0,25554.0,981.0,67469.99,316.08093,0
3863,2424,0.34690568417259704,28281.0,25723.0,993.0,60283.207,325.95407,0
3863,2425,0.30851619644723094,28535.0,25915.0,999.0,53827.223,339.44397,0
3863,2426,0.3299095777368098,28756.0,26089.0,1002.0,46959.824,341.56506,0
3863,2427,0.31740295080573155,28972.0,26221.0,1004.0,44683.89,325.66977,0
3863,2428,0.210359686922874,29170.0,26356.0,1018.0,52312.38,305.1939,0
3863,2429,0.12074971787449094,29323.0,26450.0,1027.0,60057.723,289.2495,0
3863,2430,0.26433001315542193,29122.0,26413.0,1045.0,56438.684,285.25513,0
3863,2431,0.326280421358518,28630.0,26063.0,1059.0,47882.2,291.50143,0
3863,2432,0.3330706938060845,28132.0,25615.0,1072.0,49249.824,289.75946,0
3863,2433,0.35491700255710135,27877.0,25345.0,1087.0,52079.6,282.4751,0
3863,2434,0.40616840731070497,27637.0,25200.0,1101.0,52079.6,276.44952,0
3863,2435,0.42100645984528273,27447.0,25077.0,1115.0,59851.69,269.5692,0
3863,2436,0.3998835371433325,27365.0,24996.0,1135.0,67882.914,263.91147,0
3863,2437,0.41644165662775723,27345.0,24971.0,1153.0,59949.73,262.23483,0
3863,2438,0.4358848141767167,27346.0,24964.0,1168.0,52744.15,266.57614,0
3863,2439,0.44205136223273267,27315.0,24957.0,1183.0,54496.47,272.36624,0
3863,2440,0.3991126135643355,27236.0,24918.0,1198.0,56956.562,275.44034,0
3863,2441,0.43011247230003763,27143.0,24865.0,1198.0,56956.562,275.44034,0
3863,2442,0.4054285836799451,27063.0,24814.0,1214.0,51422.223,278.55557,0
3863,2443,0.42697253193216284,27013.0,24775.0,1225.0,42714.457,286.5258,0
3863,2444,0.40101156069364163,26969.0,24740.0,1235.0,37676.586,299.32047,0
3863,2445,0.4279770749310125,26936.0,24704.0,1243.0,30573.518,317.38596,0
3863,2446,0.43412212760494673,26924.0,24676.0,1247.0,24490.916,339.56717,0
3863,2447,0.4041882458905652,26924.0,24671.0,1248.0,21768.096,7.125016,0
3863,2448,0.37929444316347705,26927.0,24670.0,1246.0,21335.885,27.645975,0
3863,2449,0.4154193240487657,26932.0,24678.0,1243.0,22282.953,46.636578,0
3863,2450,0.4663507109004739,26936.0,24688.0,1236.0,27014.996,60.01836,0
3863,2451,0.42027850304612707,26943.0,24694.0,1229.0,30994.516,64.17901,0
3863,2452,0.4501740733155847,26952.0,24699.0,1221.0,30180.209,69.94391,0
3863,2453,0.4502144671636197,26965.0,24711.0,1214.0,27007.498,79.43899,0
3863,2454,0.4379190358991768,26977.0,24748.0,1207.0,15019.487,81.38435,0
3863,2455,0.45099154746423925,26986.0,24813.0,1206.0,3427.098,293.19858,1
3863,2456,0.47181266261925414,26992.0,24877.0,1209.0,15909.902,278.1301,0
3863,2457,0.4437723737810147,27027.0,24900.0,1216.0,23417.3,272.2026,1
3863,2458,0.4004202048498643,27101.0,24912.0,1222.0,31338.873,254.16762,0
3863,2459,0.42875212458990475,27172.0,24920.0,1233.0,40474.992,241.44038,1
3863,2460,0.4553259779338014,27191.0,24930.0,1242.0,45224.44,238.8407,1
3863,2461,0.451943418923964,27195.0,24936.0,1254.0,42314.36,237.15494,0
3863,2462,0.44213946513371655,27190.0,24937.0,1263.0,33753.0,227.16109,1
3863,2463,0.4572968656418447,27180.0,24925.0,1266.0,29086.854,214.9194,1
3863,2464,0.4890982099298232,27130.0,24896.0,1270.0,25653.947,201.61478,1
3863,2465,0.49209662988368624,27042.0,24831.0,1271.0,22264.77,194.03624,1
3863,2466,0.5013068478829065,27049.0,24766.0,1272.0,19144.842,203.55226,0
3863,2467,0.43696706236415317,27128.0,24743.0,1275.0,17194.477,222.8789,0
3863,2468,0.36793853138915567,27225.0,24835.0,1280.0,12680.103,242.52557,1
3863,2469,0.3675138510245361,27330.0,24977.0,1283.0,10261.579,285.25513,1
3863,2470,0.3666789940828402,27424.0,25092.0,1286.0,12108.262,318.0128,1
3863,2471,0.36389201349831274,27545.0,25172.0,1287.0,18455.486,315.0,0
3863,2472,0.3859527121001391,27713.0,25263.0,1293.0,29937.686,312.56335,1
3863,2473,0.3629722921914358,27873.0,25361.0,1299.0,39502.723,317.7702,1
3863,2474,0.3984006734006734,27952.0,25452.0,1308.0,43433.742,325.98065,0
3863,2475,0.3909720988093122,27925.0,25514.0,1313.0,43260.895,341.1881,1
3863,2476,0.3668600902643456,27891.0,25574.0,1316.0,43237.484,357.61404,0
3863,2477,0.3543234384377453,27952.0,25658.0,1316.0,43237.484,357.61404,0
3863,2478,0.3020307966971658,28536.0,25861.0,1314.0,41643.848,6.203448,1
3863,2479,0.2059944337400985,29491.0,26428.0,1313.0,38321.402,9.462322,0
3863,2480,0.17281893175568702,30145.0,27099.0,1310.0,36723.97,17.10273,1
3863,2481,0.15209718460149388,30057.0,27420.0,1306.0,37026.004,16.232351,0
3863,2482,0.1769578956358357,29863.0,27233.0,1304.0,40952.473,12.050785,0
3863,2483,0.21501340482573728,29668.0,26825.0,1300.0,48240.336,14.036243,1
3863,2484,0.31399703858548905,29458.0,26479.0,1294.0,52882.18,5.3709946,1
3863,2485,0.4005731639505539,29145.0,26262.0,1296.0,54984.77,352.00253,1
3863,2486,0.4261840710850249,28788.0,26026.0,1299.0,52079.6,347.5249,0
3863,2487,0.46306484045983987,28589.0,25850.0,1302.0,45009.0,348.4654,0
3863,2488,0.4510512357304839,28586.0,25805.0,1305.0,38794.07,356.0091,0
3863,2489,0.44739080015461924,28547.0,25859.0,1305.0,36000.0,0.0,0
3863,2490,0.4421585936900284,28495.0,25876.0,1306.0,34211.84,358.49255,0
3863,2491,0.414818568032116,28450.0,25834.0,1306.0,31705.047,353.4802,0
3863,2492,0.4003931287924109,28386.0,25784.0,1307.0,28750.738,342.69946,0
3863,2493,0.41285838401390096,28323.0,25719.0,1310.0,28581.2,326.56012,0
3863,2494,0.41486603284356094,28293.0,25688.0,1315.0,33824.918,310.68396,0
3863,2495,0.40625272141426455,28324.0,25713.0,1324.0,36095.5,305.8698,0
3863,2496,0.3995161645040686,28443.0,25813.0,1333.0,26796.734,310.9144,0
3863,2497,0.3976520811099253,28620.0,25959.0,1338.0,11258.996,357.70938,0
3863,2498,0.3726092187694478,28859.0,26145.0,1336.0,18323.346,65.323135,0
3863,2499,0.32985895685982547,29109.0,26339.0,1330.0,24358.264,78.27489,0
3863,2500,0.30209508460918616,29334.0,26493.0,1322.0,22954.412,88.87669,0
3863,2501,0.3195687466178246,29500.0,26576.0,1318.0,25264.203,94.08562,0
3863,2502,0.3300144668538848,29463.0,26526.0,1310.0,39173.27,91.97494,0
3863,2503,0.29959445758702263,29282.0,26382.0,1295.0,40952.473,89.3704,0
3863,2504,0.2998209260680481,29039.0,26195.0,1285.0,26347.105,82.14669,0
3863,2505,0.34500637484062896,28710.0,25989.0,1280.0,15126.963,59.620872,0
3863,2506,0.4126936186736851,28318.0,25719.0,1277.0,13708.392,23.198591,0
3863,2507,0.4188666265371055,28027.0,25517.0,1276.0,18921.416,357.27368,0
3863,2508,0.359467316890181,27885.0,25398.0,1277.0,25975.566,345.96375,0
3863,2509,0.3278856975094192,27889.0,25370.0,1279.0,31435.648,336.37064,0
3863,2510,0.31567659234874557,27987.0,25476.0,1285.0,35666.582,330.5241,0
3863,2511,0.3158754517103114,28118.0,25588.0,1290.0,38442.75,334.3348,0
3863,2512,0.2928774928774929,28292.0,25692.0,1295.0,41149.79,346.7236,0
3863,2513,0.32859886551431505,28536.0,25861.0,1296.0,46352.184,359.44376,0
3863,2514,0.3894306111788264,28774.0,26067.0,1296.0,46352.184,359.44376,0
3863,2515,0.3849213211136088,28910.0,26210.0,1295.0,51845.78,3.4832714,0
3863,2516,0.3464473461081906,28948.0,26228.0,1294.0,57194.273,2.254575,0
3863,2517,0.2894658690764074,28894.0,26155.0,1294.0,63579.125,356.34778,0
3863,2518,0.36,28746.0,26010.0,1295.0,69191.8,349.12854,0
3863,2519,0.40684775962966196,28464.0,25834.0,1300.0,71847.96,347.70474,0
3863,2520,0.39867080194949045,28152.0,25657.0,1304.0,71062.97,353.82007,0
3863,2521,0.36525855790240347,27917.0,25484.0,1305.0,68863.234,1.1233027,0
3863,2522,0.3893981666002391,27756.0,25360.0,1304.0,66654.71,2.3215306,0
3863,2523,0.4112018260029848,27669.0,25294.0,1304.0,67123.95,2.6897702,0
3863,2524,0.3860447830530521,27662.0,25249.0,1302.0,71279.2,7.6185465,0
3863,2525,0.36902212705210563,27686.0,25212.0,1297.0,72944.43,9.229886,0
3863,2526,0.3638627559490869,27833.0,25242.0,1295.0,67331.79,8.455028,0
3863,2527,0.3597981345469292,28057.0,25465.0,1292.0,54866.793,7.0667295,0
3863,2528,0.3106228404358997,28232.0,25716.0,1292.0,39640.887,2.6025622,0
3863,2529,0.24636524822695036,28278.0,25787.0,1292.0,28856.195,356.42368,0
3863,2530,0.2916360968451944,28275.0,25734.0,1293.0,25772.078,335.22485,0
3863,2531,0.3554324517512509,28223.0,25664.0,1297.0,33944.44,308.5412,0
3863,2532,0.37856578600895285,28121.0,25572.0,1306.0,46089.316,297.3156,0
3863,2533,0.3850317199769309,27959.0,25465.0,1318.0,49315.566,295.3959,0
3863,2534,0.3798588954298297,27799.0,25357.0,1330.0,45040.48,291.6951,0
3863,2535,0.3645984081041968,27698.0,25285.0,1341.0,40952.473,282.05078,0
3863,2536,0.3642195949042251,27658.0,25251.0,1352.0,40749.234,276.34018,0
3863,2537,0.3694305510943881,27642.0,25234.0,1364.0,43279.613,278.97263,0
3863,2538,0.38840179803284525,27641.0,25242.0,1376.0,41600.06,285.69,0
3863,2539,0.39487355630930404,27657.0,25257.0,1386.0,29665.889,292.28558,0
3863,2540,0.37769339456022605,27693.0,25287.0,1393.0,13708.392,293.19858,0
3863,2541,0.34501100513573,27753.0,25329.0,1394.0,7663.2236,273.36646,0
3863,2542,0.3368867924528302,27829.0,25385.0,1397.0,3427.098,246.8014,0
3863,2543,0.3445807770961145,27885.0,25451.0,1396.0,5692.0996,108.43495,0
3863,2544,0.33682903270318754,27917.0,25521.0,1394.0,11682.68,105.64225,0
3863,2545,0.3182272575808064,27966.0,25591.0,1391.0,19386.594,111.80141,0
3863,2546,0.3095766226251326,28104.0,25684.0,1384.0,25967.768,117.89727,0
3863,2547,0.31036438395009214,28472.0,25868.0,1377.0,25740.629,126.46923,0
3863,2548,0.29661291067880413,29009.0,26233.0,1373.0,25022.59,127.69424,0
3863,2549,0.2927601809954751,29536.0,26670.0,1367.0,27186.854,118.68615,0
3863,2550,0.33698344414026854,29864.0,26951.0,1360.0,25772.078,114.77514,0
3863,2551,0.28958482747629294,30072.0,27066.0,1360.0,25772.078,114.77514,0
3863,2552,0.2174482363532204,30108.0,27015.0,1355.0,23623.928,107.744675,0
3863,2553,0.25618676361087994,29920.0,26875.0,1348.0,23469.129,94.398705,0
3863,2554,0.34155581747768987,29409.0,26599.0,1342.0,27134.664,84.289406,0
3863,2555,0.3671010171153139,28835.0,26220.0,1332.0,29686.361,75.96375,0
3863,2556,0.33736459738112845,28495.0,25928.0,1326.0,33584.594,72.0506,0
3863,2557,0.3053032269227442,28418.0,25834.0,1314.0,30360.83,78.023865,0
3863,2558,0.3618346049285276,28389.0,25829.0,1307.0,17830.451,100.175514,0
3863,2559,0.39626638421819144,28427.0,25875.0,1303.0,17474.84,124.50852,0
3863,2560,0.3955618801974474,28549.0,25963.0,1299.0,18499.324,131.05481,0
3863,2561,0.39275839368005266,28710.0,26086.0,1297.0,19355.232,125.53768,0
3863,2562,0.39762791100337636,28879.0,26228.0,1292.0,19070.658,109.29005,0
3863,2563,0.35644020260370884,29032.0,26357.0,1287.0,17123.668,93.01279,0
3863,2564,0.30924185081186667,29144.0,26440.0,1282.0,18022.486,87.137596,0
3863,2565,0.3571011592027354,29219.0,26466.0,1276.0,19480.375,83.367485,0
3864,2347,0.389922702547953,26641.0,24473.0,837.0,45718.76,276.21564,0
3864,2348,0.402683313146371,26601.0,24462.0,850.0,48168.92,271.60602,0
3864,2349,0.42516839898291475,26585.0,24451.0,861.0,47700.0,270.0,0
3864,2350,0.4383094154707735,26574.0,24445.0,876.0,40609.85,282.80426,0
3864,2351,0.42649842271293376,26561.0,24444.0,885.0,29638.572,300.06857,0
3864,2352,0.4174616153356955,26548.0,24446.0,889.0,19922.35,341.56506,0
3864,2353,0.4034846400733608,26530.0,24447.0,889.0,30718.887,5.042451,0
3864,2354,0.3769523809523809,26513.0,24438.0,887.0,45202.047,9.743641,0
3864,2355,0.38539802166745174,26499.0,24426.0,882.0,56384.84,8.259438,0
3864,2356,0.3676290976598759,26491.0,24417.0,881.0,63160.51,4.0856166,0
3864,2357,0.33742770868519373,26513.0,24419.0,881.0,65375.57,3.5517333,0
3864,2358,0.39541800269529254,26559.0,24442.0,879.0,59986.875,3.871256,0
3864,2359,0.4212212925048959,26600.0,24472.0,878.0,50664.484,12.308016,0
3864,2360,0.40999057492931196,26611.0,24491.0,873.0,45080.926,26.053495,0
3864,2361,0.4016089668263581,26607.0,24487.0,866.0,41697.3,29.054604,0
3864,2362,0.3775660871636104,26603.0,24468.0,861.0,41876.605,28.217356,0
3864,2363,0.40208794685226196,26607.0,24447.0,856.0,48441.406,35.166435,0
3864,2364,0.3985881075210426,26634.0,24446.0,848.0,56767.816,41.1432,0
3864,2365,0.3617443950430423,26665.0,24485.0,837.0,60460.98,44.396908,0
3864,2366,0.3906942392909897,26675.0,24528.0,824.0,58548.44,45.0,0
3864,2367,0.4277645014121225,26652.0,24533.0,824.0,58548.44,45.0,0
3864,2368,0.4445842772044635,26605.0,24490.0,814.0,54733.766,45.6662,0
3864,2369,0.4460109750949768,26556.0,24431.0,791.0,63747.707,30.547571,0
3864,2370,0.41869225939546145,26525.0,24379.0,781.0,54807.71,32.25471,0
3864,2371,0.39337561663143056,26511.0,24349.0,773.0,45076.434,31.944754,0
3864,2372,0.4129321672934886,26500.0,24321.0,767.0,40594.89,31.399458,0
3864,2373,0.42691250775640455,26487.0,24302.0,760.0,40133.34,30.302681,0
3864,2374,0.41850883799229166,26469.0,24302.0,754.0,37466.387,24.102234,0
3864,2375,0.39788031656407646,26450.0,24314.0,750.0,33300.0,18.924644,0
3864,2376,0.3780375863568288,26439.0,24334.0,743.0,23888.178,356.7603,0
3864,2377,0.40284012826385707,26437.0,24358.0,755.0,14692.345,297.34988,0
3864,2378,0.4012738853503185,26475.0,24375.0,755.0,20719.557,235.61966,0
3864,2379,0.38678155814160076,26530.0,24385.0,760.0,33753.0,227.16109,0
3864,2380,0.3701216191686331,26562.0,24385.0,769.0,43929.773,226.66028,0
3864,2381,0.39422630650700824,26546.0,24375.0,780.0,47733.95,225.7639,0
3864,2382,0.3644896945617085,26488.0,24341.0,789.0,51106.215,230.00064,0
3864,2383,0.3437612554669411,26417.0,24291.0,801.0,56438.684,232.12502,0
3864,2384,0.37184256902290974,26367.0,24248.0,814.0,54744.863,223.66779,0
3864,2385,0.3635084655314607,26331.0,24229.0,824.0,51685.395,215.07376,0
3864,2386,0.3775941402948634,26301.0,24220.0,832.0,50323.6,211.84245,0
3864,2387,0.40864537693662767,26285.0,24217.0,839.0,46683.027,197.38698,0
3864,2388,0.3717765724616995,26288.0,24218.0,839.0,46938.258,175.60129,0
3864,2389,0.3848013014176156,26308.0,24219.0,835.0,48670.78,162.23515,0
3864,2390,0.35802705157004255,26343.0,24226.0,829.0,45877.938,158.7204,0
3864,2391,0.39873389702952766,26385.0,24241.0,825.0,38183.766,171.8699,0
3864,2392,0.3909716908951798,26435.0,24279.0,826.0,31819.805,188.1301,0
3864,2393,0.40744372632048137,26495.0,24362.0,829.0,24892.77,192.52881,0
3864,2394,0.422004132231405,26558.0,24448.0,830.0,15948.041,196.38954,0
3864,2395,0.43867274018972796,26648.0,24503.0,830.0,6883.6763,191.30994,0
3864,2396,0.4525107837551884,26788.0,24538.0,830.0,3871.0464,234.46233,0
3864,2397,0.4217997465145754,26922.0,24564.0,832.0,9044.888,275.7106,0
3864,2398,0.41347652866793694,26984.0,24586.0,836.0,10985.9,304.99203,0
3864,2399,0.40799370299107923,26905.0,24591.0,837.0,16509.543,342.55283,0
3864,2400,0.3882171106464224,26771.0,24563.0,837.0,28417.775,349.04593,0
3864,2401,0.38197505392478664,26702.0,24531.0,840.0,42237.72,345.8157,0
3864,2402,0.38194938992546174,26731.0,24533.0,844.0,53532.98,343.393,0
3864,2403,0.37729486699138254,26765.0,24591.0,848.0,61123.85,329.4703,0
3864,2404,0.36070786672196875,26782.0,24649.0,848.0,61123.85,329.4703,0
3864,2405,0.37432220479498096,26773.0,24680.0,861.0,58037.79,318.77228,0
3864,2406,0.40339523957271395,26774.0,24678.0,869.0,45202.047,316.61353,0
3864,2407,0.4274633481077395,26779.0,24681.0,878.0,36932.914,316.97495,0
3864,2408,0.4145883156815852,26803.0,24691.0,884.0,35643.863,313.97696,0
3864,2409,0.3855405820640007,26873.0,24716.0,892.0,47080.41,305.665,0
3864,2410,0.37175895041138535,26981.0,24777.0,907.0,53834.746,308.21103,0
3864,2411,0.4094130628527777,27074.0,24856.0,918.0,48370.29,315.75385,0
3864,2412,0.4104060913705584,27105.0,24911.0,926.0,42006.965,315.86804,0
3864,2413,0.40272711481674484,27102.0,24911.0,933.0,40113.152,316.8183,0
3864,2414,0.40375812006801237,27107.0,24901.0,941.0,43989.656,329.23727,0
3864,2415,0.4082819689209133,27148.0,24917.0,947.0,53233.31,342.79044,0
3864,2416,0.4154341395510701,27214.0,24972.0,952.0,59949.73,352.23483,0
3864,2417,0.41517323775388293,27290.0,25042.0,951.0,59986.875,356.12875,0
3864,2418,0.4027196652719665,27376.0,25120.0,952.0,55992.008,346.5222,0
3864,2419,0.39225120283616105,27444.0,25188.0,956.0,51892.63,338.10632,0
3864,2420,0.38411088277731625,27490.0,25245.0,963.0,52184.48,327.6804,0
3864,2421,0.4142432467364612,27528.0,25286.0,973.0,52021.246,322.7336,0
3864,2422,0.40054281211696724,27618.0,25334.0,981.0,53130.5,321.18863,0
3864,2423,0.37375819283564865,27861.0,25413.0,991.0,59905.8,311.95523,0
3864,2424,0.30085701398285974,28131.0,25552.0,1005.0,54127.35,317.02136,0
3864,2425,0.3438186451102715,28262.0,25693.0,1012.0,50516.383,334.11972,0
3864,2426,0.3725098737033983,28343.0,25738.0,1016.0,53699.16,346.42957,0
3864,2427,0.3319615912208505,28437.0,25789.0,1018.0,55249.297,339.49857,0
3864,2428,0.24236234458259326,28490.0,25848.0,1025.0,58333.61,321.89243,0
3864,2429,0.2897584541062802,28526.0,25896.0,1038.0,65111.75,310.51538,0
3864,2430,0.37174088343338413,28405.0,25836.0,1054.0,66963.87,306.25385,0
3864,2431,0.37938644890752593,28133.0,25654.0,1068.0,58194.586,309.35175,0
3864,2432,0.3997430406852248,27863.0,25401.0,1078.0,53130.5,308.81137,0
3864,2433,0.37901753492124146,27707.0,25255.0,1089.0,51708.9,301.47684,0
3864,2434,0.3899713348012131,27539.0,25155.0,1102.0,49988.5,293.33405,0
3864,2435,0.441519140565895,27422.0,25069.0,1116.0,51011.027,281.70645,0
3864,2436,0.37781739462625746,27384.0,25022.0,1130.0,60300.0,270.0,0
3864,2437,0.4163551598135159,27376.0,25006.0,1150.0,62204.26,266.68222,0
3864,2438,0.4144295991778006,27365.0,24997.0,1165.0,57165.94,268.64682,0
3864,2439,0.39528730880529145,27320.0,24977.0,1182.0,55807.258,269.07596,0
3864,2440,0.369979035639413,27245.0,24929.0,1198.0,55497.973,265.8151,0
3864,2441,0.45493630573248406,27162.0,24868.0,1198.0,55497.973,265.8151,0
3864,2442,0.39581273376037146,27088.0,24811.0,1215.0,53778.293,264.71875,0
3864,2443,0.44845193710487924,27035.0,24772.0,1229.0,49532.715,272.08255,0
3864,2444,0.42145244606502585,26988.0,24740.0,1243.0,40495.0,284.80838,0
3864,2445,0.4365996649916248,26954.0,24711.0,1251.0,26713.48,302.61923,0
3864,2446,0.3935841218555273,26938.0,24688.0,1255.0,17921.076,331.50436,0
3864,2447,0.42563346060395696,26931.0,24677.0,1255.0,15653.274,18.434948,0
3864,2448,0.4167285433500764,26928.0,24673.0,1252.0,17921.076,51.115505,0
3864,2449,0.41974397917118683,26927.0,24674.0,1247.0,19932.512,61.699245,0
3864,2450,0.43625632377740303,26927.0,24675.0,1242.0,24391.494,60.12401,0
3864,2451,0.44216024938916504,26927.0,24677.0,1235.0,31209.373,61.587337,0
3864,2452,0.44650780608052587,26928.0,24678.0,1226.0,36185.15,68.860176,1
3864,2453,0.44180277031217696,26935.0,24685.0,1215.0,32524.76,75.57922,1
3864,2454,0.4404965218477944,26948.0,24719.0,1208.0,16509.543,72.55281,0
3864,2455,0.4396263073043694,26965.0,24779.0,1206.0,5247.857,329.03625,0
3864,2456,0.46088421728315815,26981.0,24833.0,1209.0,15536.409,280.00797,1
3864,2457,0.441741464642228,27017.0,24859.0,1215.0,18089.775,264.2894,0
3864,2458,0.3860960651774923,27075.0,24873.0,1219.0,20729.326,242.8787,1
3864,2459,0.41852852115557737,27124.0,24878.0,1224.0,32853.082,233.91493,0
3864,2460,0.43291200777831795,27134.0,24881.0,1234.0,45094.402,233.93059,1
3864,2461,0.45279066902131504,27139.0,24887.0,1246.0,45891.176,228.17982,0
3864,2462,0.44472899785885217,27140.0,24889.0,1253.0,40339.684,218.6598,0
3864,2463,0.4311374744141359,27129.0,24892.0,1261.0,33481.934,216.25385,1
3864,2464,0.4703171591217132,27093.0,24871.0,1264.0,23854.244,215.78897,0
3864,2465,0.492523856037268,27056.0,24817.0,1267.0,15909.902,225.0,1
3864,2466,0.5325260490002817,27061.0,24765.0,1270.0,13119.642,247.83365,0
3864,2467,0.4672360124511134,27168.0,24772.0,1274.0,15019.487,261.38434,0
3864,2468,0.378015607580825,27337.0,24920.0,1278.0,17100.0,270.0,0
3864,2469,0.36367412877913685,27483.0,25108.0,1283.0,18234.719,285.75116,0
3864,2470,0.35787910158887337,27592.0,25233.0,1288.0,17864.49,310.9144,0
3864,2471,0.33855038500167395,27706.0,25292.0,1290.0,25455.844,315.0,1
3865,2347,0.37797633658991603,26637.0,24486.0,833.0,45541.246,258.02386,0
3866,2347,0.4055047557781556,26690.0,24513.0,831.0,41643.848,276.20346,0
3867,2347,0.4071323799046571,26716.0,24555.0,836.0,39446.293,297.1497,0
3868,2347,0.37386717813473985,26736.0,24593.0,851.0,39645.996,333.7258,0
3869,2347,0.42494733146067415,26755.0,24610.0,860.0,41915.273,345.06857,0
3870,2347,0.40544690845038617,26789.0,24625.0,873.0,48114.24,352.47617,0
3871,2347,0.3500618658747835,26833.0,24646.0,904.0,67712.664,8.022404,0
3872,2347,0.3583272550449793,26877.0,24672.0,924.0,78658.664,8.222814,0
3873,2347,0.39415091005478,26929.0,24697.0,947.0,86804.52,8.046091,0
3874,2347,0.35868080094228505,26987.0,24718.0,971.0,94643.46,12.912941,0
3875,2347,0.3421182509130392,27071.0,24766.0,1023.0,78196.484,11.956584,0
3876,2347,0.3682545768235407,27198.0,24854.0,1041.0,67951.49,359.62057,0
3877,2347,0.39344041031178295,27355.0,24975.0,1060.0,59335.19,353.46786,0
3878,2347,0.43027511617387015,27494.0,25100.0,1074.0,50194.67,354.3405,0
3879,2347,0.4391952021667634,27567.0,25173.0,1094.0,6267.775,338.9625,0
3880,2347,0.39668653712162266,27537.0,25186.0,1091.0,2700.0,90.0,0
3881,2347,0.3449511400651466,27494.0,25149.0,1092.0,16801.34,20.376434,0
3882,2347,0.3566549750784567,27418.0,25057.0,1105.0,24366.576,4.236395,0
3883,2347,0.37374326096459276,27317.0,25005.0,1114.0,17693.643,352.69424,0
3884,2347,0.3993451090716229,27232.0,24970.0,1115.0,18000.0,216.8699,0
3885,2347,0.4153245485602733,27210.0,24965.0,1105.0,40193.844,201.6823,0
3886,2347,0.43020783616088865,27272.0,24995.0,1082.0,57547.242,195.88385,0
3887,2347,0.46279888335963104,27373.0,25056.0,1063.0,76436.445,192.23611,0
3888,2347,0.4683190085948431,27436.0,25112.0,1040.0,60246.246,193.82864,0
3889,2347,0.4482005627178432,27434.0,25125.0,1025.0,32431.234,209.05461,0
3890,2347,0.4527174584861346,27412.0,25087.0,1016.0,40714.434,200.03722,0
3891,2347,0.47853171943382095,27413.0,25045.0,1005.0,35364.39,194.74356,0
3892,2347,0.45068977311595027,27479.0,25068.0,997.0,21916.432,199.179,0
3893,2347,0.3827006327006327,27580.0,25136.0,987.0,25559.049,243.8861,0
3894,2347,0.43899620274063067,27674.0,25237.0,986.0,32205.668,254.60445,0
3895,2347,0.5007865374062557,27686.0,25316.0,982.0,39276.52,265.3999,0
3896,2347,0.5132897603485839,27633.0,25331.0,993.0,36162.758,286.63095,0
3897,2347,0.5115041594843738,27592.0,25275.0,991.0,24216.523,221.98721,0
3898,2347,0.4838910263884031,27581.0,25225.0,982.0,39173.27,181.97493,0
3899,2347,0.5121245828698554,27607.0,25234.0,967.0,47508.58,174.0194,0
3900,2347,0.506969482957291,27649.0,25299.0,943.0,40173.684,175.50285,0
3901,2347,0.46492505016327657,27679.0,25367.0,933.0,31512.855,181.63658,0
3902,2347,0.4687704444872042,27686.0,25405.0,925.0,30712.295,190.98065,0
3903,2347,0.4341283480739406,27702.0,25402.0,916.0,40133.34,197.6223,0
3904,2347,0.44934915616145854,27690.0,25363.0,890.0,46404.58,199.8407,0
3905,2347,0.4522784135187236,27629.0,25300.0,880.0,42714.457,200.3441,0
3906,2347,0.4874143637903164,27552.0,25240.0,869.0,34039.758,204.1932,0
3907,2347,0.3844076949038137,27471.0,25175.0,858.0,14015.17,264.47247,0
3908,2347,0.41070702507341317,27393.0,25119.0,862.0,20364.676,315.0,0
3909,2347,0.43438173201206376,27328.0,25076.0,866.0,31338.873,327.9074,0
3910,2347,0.4083500781424425,27273.0,25033.0,877.0,37064.27,330.9454,0
3911,2347,0.40831783754365275,27213.0,24991.0,893.0,43073.25,327.80426,0
3912,2347,0.38107343277855055,27167.0,24953.0,905.0,58361.375,333.43494,0
3913,2347,0.3834572045073124,27133.0,24919.0,922.0,55570.902,328.2405,0
3914,2347,0.406141154903758,27109.0,24888.0,935.0,32262.207,247.01128,0
3915,2347,0.4008352668213457,27095.0,24866.0,923.0,40274.37,230.44034,0
3916,2347,0.4032302468569331,27092.0,24861.0,921.0,38694.766,278.6955,0
3917,2347,0.41167802541904586,27100.0,24876.0,927.0,44968.49,288.07233,0
3918,2347,0.41235605922134894,27121.0,24903.0,929.0,41750.688,262.5686,0
3919,2347,0.4523089840470193,27159.0,24925.0,925.0,34885.887,263.33334,0
3920,2347,0.43220895130594567,27215.0,24947.0,928.0,31807.074,295.11484,0
3921,2347,0.45624192943724745,27263.0,24966.0,937.0,53130.5,333.869,0
3922,2347,0.4522188499712903,27289.0,24979.0,958.0,81124.91,342.57013,0
3923,2347,0.43753231087368605,27291.0,24991.0,983.0,76603.164,348.82208,0
3924,2347,0.40002791866362664,27262.0,24989.0,1001.0,61200.0,0.0,0
3925,2347,0.4178026541482351,27231.0,24974.0,1024.0,26400.852,29.623749,0
3926,2347,0.4124066371483519,27210.0,24947.0,1029.0,29829.264,33.9298,0
3927,2347,0.3971922538708076,27198.0,24914.0,1037.0,46212.17,22.31944,0
3928,2347,0.4093499554764025,27186.0,24879.0,1053.0,56377.656,16.699244,0
3929,2347,0.40273542186489236,27173.0,24859.0,1084.0,61792.72,12.619322,0
3930,2347,0.40098513180698714,27156.0,24850.0,1100.0,65177.027,9.137151,0
3931,2347,0.4072450805008945,27145.0,24849.0,1119.0,61782.887,10.491477,0
3932,2347,0.41915061988921126,27142.0,24854.0,1141.0,29198.031,24.590117,0
3933,2347,0.37500591940143013,27140.0,24858.0,1150.0,22201.014,17.700428,0
3934,2347,0.4111552717367034,27131.0,24857.0,1153.0,2623.9285,30.963757,0
3935,2347,0.42573221757322177,27116.0,24849.0,1150.0,20304.926,192.80426,0
3936,2347,0.43900602409638556,27092.0,24833.0,1130.0,41487.95,192.52881,0
3937,2347,0.4247993333040923,27060.0,24809.0,1120.0,35007.57,197.96915,0
3938,2347,0.4202718308607977,27030.0,24784.0,1112.0,37287.598,197.56027,0
3939,2347,0.4412001525617663,27009.0,24767.0,1088.0,49249.824,192.13132,0
3940,2347,0.38408831366577845,26987.0,24759.0,1074.0,52246.53,190.9228,0
3941,2347,0.35519888346127004,26970.0,24760.0,1060.0,45536.797,198.43495,0
3942,2347,0.39954957025325183,26962.0,24767.0,1049.0,38903.535,209.82709,0
3943,2347,0.4270650263620387,26980.0,24777.0,1037.0,33584.594,215.1807,0
3944,2347,0.413552543879138,27024.0,24800.0,1027.0,39518.098,210.06859,0
3945,2347,0.4132377625550061,27067.0,24830.0,1018.0,28666.096,227.5448,0
3946,2347,0.4360652875971022,27102.0,24854.0,1016.0,27943.514,255.06859,0
3947,2347,0.44701201963771797,27135.0,24875.0,1004.0,48370.29,224.24615,0
3948,2347,0.46656976744186046,27154.0,24890.0,993.0,45202.047,223.38646,0
3949,2347,0.4786311307364769,27146.0,24883.0,985.0,45545.69,209.60445,0
3950,2347,0.4503733534692508,27102.0,24852.0,965.0,33878.754,196.99083,0
3951,2347,0.46065628662313746,27042.0,24792.0,954.0,33318.24,196.47688,0
3952,2347,0.4620592849475683,26987.0,24734.0,947.0,36162.758,196.63095,0
3953,2347,0.43747595228934205,26940.0,24696.0,935.0,45076.434,194.45242,0
3954,2347,0.4534182305630027,26902.0,24668.0,915.0,36145.953,198.8861,0
3955,2347,0.4297418729627346,26875.0,24649.0,904.0,46277.855,193.49573,0
3956,2347,0.42241417302014017,26869.0,24633.0,889.0,53130.5,190.73889,0
3957,2347,0.43581427108228066,26888.0,24626.0,864.0,38903.535,209.82709,0
3958,2347,0.4553913294083742,26905.0,24620.0,856.0,46461.273,211.53479,0
3959,2347,0.47245889835593424,26888.0,24606.0,843.0,44606.78,210.96376,0
3960,2347,0.5372663267783443,26834.0,24578.0,835.0,41439.113,214.38034,0
3961,2347,0.5592473979183347,26766.0,24541.0,807.0,50375.887,221.37851,0
3962,2347,0.4901898356349743,26707.0,24507.0,802.0,33878.754,230.38931,0
3963,2347,0.4703579874418984,26690.0,24486.0,795.0,36943.875,214.0772,0
3964,2347,0.5021635162833068,26674.0,24482.0,776.0,46613.57,220.30132,0
3965,2347,0.5062998583463804,26691.0,24490.0,765.0,40173.684,221.36705,0
3966,2347,0.4977973568281938,26725.0,24504.0,759.0,29991.748,207.7185,0
3967,2347,0.5098499909633111,26771.0,24520.0,751.0,33000.684,185.47737,0
3968,2347,0.5103653935975281,26807.0,24530.0,737.0,6267.775,291.0375,0
3969,2347,0.47559316910986854,26818.0,24530.0,742.0,38448.016,343.68616,0
3970,2347,0.4402957179050546,26789.0,24515.0,758.0,63773.113,351.0694,0
3971,2347,0.48122056437250166,26735.0,24487.0,778.0,63400.51,350.60452,0
3972,2347,0.4991782459285821,26691.0,24462.0,810.0,65310.49,348.07068,0
3973,2347,0.47848832669633795,26681.0,24454.0,828.0,63365.367,348.53046,0
3974,2347,0.43675639186566534,26688.0,24447.0,844.0,67987.24,350.47534,0
3975,2347,0.4354171939593352,26722.0,24453.0,880.0,49101.58,357.3736,0
3976,2347,0.4340929496771987,26793.0,24495.0,892.0,56251.8,359.54166,0
3977,2347,0.41286601597160605,26918.0,24608.0,911.0,80561.31,359.03983,0
3978,2347,0.4109565662599198,27059.0,24766.0,936.0,80100.0,0.0,0
3979,2347,0.41621285203049635,27159.0,24891.0,973.0,54541.04,10.939091,0
3980,2347,0.4075904405235319,27172.0,24916.0,984.0,73956.234,7.3412256,0
3981,2347,0.39661792337227353,27129.0,24865.0,1012.0,87762.69,5.8859878,0
3982,2347,0.40425531914893614,27062.0,24789.0,1049.0,36011.25,358.5679,0
3983,2347,0.43419267299864317,26990.0,24725.0,1055.0,17921.076,331.50436,0
3984,2347,0.47431460237215634,26881.0,24646.0,1058.0,24216.523,318.0128,0
3985,2347,0.4802436239055957,26761.0,24560.0,1065.0,28581.2,303.43988,0
3986,2347,0.4706986933729755,26668.0,24476.0,1067.0,37805.355,261.0983,0
3987,2347,0.44494532097837886,26633.0,24456.0,1063.0,47153.473,246.37062,0
3988,2347,0.41345814199929354,26633.0,24477.0,1056.0,52126.242,242.77132,0
3989,2347,0.3865414710485133,26638.0,24519.0,1050.0,42941.414,275.41187,0
3990,2347,0.39287109798984066,26632.0,24527.0,1052.0,40858.414,277.59464,0
3991,2347,0.39399757899570065,26631.0,24525.0,1052.0,38568.965,277.37378,0
3992,2347,0.3837339536486603,26637.0,24520.0,1053.0,33098.715,277.02838,0
3993,2347,0.4042534834562789,26663.0,24522.0,1049.0,29583.863,243.8247,0
3994,2347,0.38958459279730545,26707.0,24528.0,1047.0,27059.934,266.1859,0
3995,2347,0.41916787414613954,26758.0,24529.0,1048.0,24762.27,289.0935,0
3996,2347,0.4393522267206478,26806.0,24558.0,1051.0,26092.24,315.0,0
3997,2347,0.45005923444585155,26858.0,24603.0,1062.0,22714.973,326.30994,1
3998,2347,0.41623826316013085,26936.0,24665.0,1068.0,25559.049,333.88608,0
3999,2347,0.41786743515850144,26997.0,24729.0,1075.0,20224.984,302.27563,1
4000,2347,0.41595995532205354,27014.0,24752.0,1067.0,31596.281,252.59729,0
4001,2347,0.42481610997226577,26969.0,24712.0,1070.0,34885.887,263.33334,1
4002,2347,0.41247301112771967,26886.0,24633.0,1067.0,44274.145,243.43495,1
4003,2347,0.4204174820613177,26799.0,24552.0,1059.0,42714.457,249.6559,0
4004,2347,0.4334366571394066,26709.0,24485.0,1051.0,57363.97,221.82018,1
4005,2347,0.4606490403144993,26622.0,24432.0,1034.0,72191.0,215.86983,1
4006,2347,0.44974321349963314,26567.0,24392.0,1017.0,54733.766,225.6662,1
4007,2347,0.4578501785499338,26533.0,24361.0,1016.0,33944.44,321.4588,1
4008,2347,0.45653901160019067,26509.0,24338.0,1027.0,42309.574,336.16125,1
4009,2347,0.494218009478673,26487.0,24324.0,1038.0,45824.938,342.27676,1
4010,2347,0.46845003933910306,26469.0,24319.0,1051.0,53597.25,344.91364,1
4011,2347,0.42767555078801883,26461.0,24325.0,1082.0,58048.254,330.25513,0
4012,2347,0.3912295007701368,26458.0,24334.0,1095.0,47187.816,325.0975,1
4013,2347,0.3758068260970513,26454.0,24336.0,1104.0,19604.719,301.86597,1
4014,2347,0.373367418080409,26440.0,24334.0,1101.0,19656.297,195.94539,1
4015,2347,0.40298507462686567,26421.0,24320.0,1083.0,45948.504,171.55247,0
4016,2347,0.391493804185012,26403.0,24305.0,1068.0,22054.592,178.83086,1
4017,2347,0.35148636074244577,26388.0,24286.0,1070.0,28417.775,349.04593,0
4018,2347,0.3539102818578801,26376.0,24266.0,1098.0,43837.484,354.69907,0
4019,2347,0.3584042811967891,26369.0,24248.0,1108.0,47708.49,358.91907,0
4020,2347,0.39868415242636995,26365.0,24238.0,1124.0,61848.402,355.40945,0
4021,2347,0.4091476270384235,26360.0,24237.0,1145.0,58951.72,359.56262,1
4022,2347,0.35356629966491143,26355.0,24238.0,1172.0,56467.38,354.97092,0
4023,2347,0.3683088473837883,26344.0,24237.0,1190.0,51422.223,351.44443,0
4024,2347,0.3874751051117504,26331.0,24237.0,1200.0,34722.977,341.09543,0
4025,2347,0.37829331894613794,26320.0,24243.0,1210.0,28174.457,296.56506,1
4026,2347,0.3861546054107407,26311.0,24245.0,1213.0,28814.059,284.4703,1
4027,2347,0.4002989536621824,26290.0,24221.0,1215.0,34039.758,294.1932,1
4028,2347,0.39930091054244166,26235.0,24177.0,1222.0,45630.09,306.9829,0
4029,2347,0.3888285155401,26149.0,24111.0,1240.0,54000.0,306.8699,1
4030,2347,0.36431639399642873,26077.0,24055.0,1247.0,54187.176,302.10626,0
4031,2347,0.3764841764841765,26029.0,24014.0,1256.0,63298.223,302.22125,0
4032,2347,0.36804711601383566,25997.0,23997.0,1272.0,63314.215,275.7106,1
4033,2347,0.39909115209836943,25980.0,23993.0,1270.0,60077.95,261.38434,0
4034,2347,0.4355126238547324,25996.0,24011.0,1267.0,58166.742,261.99527,0
4035,2347,0.3965208034433286,26047.0,24065.0,1266.0,58968.89,254.05461,0
4036,2347,0.3953077364909645,26092.0,24115.0,1255.0,51861.402,254.39606,0
4037,2347,0.37270190050059804,26106.0,24137.0,1250.0,51646.2,247.45694,1
4038,2347,0.36836257580667564,26094.0,24130.0,1243.0,45536.797,251.56505,0
4039,2347,0.38015434494725786,26074.0,24109.0,1242.0,37293.027,289.74683,1
4040,2347,0.37289043664612914,26079.0,24089.0,1258.0,38950.35,319.6859,1
4041,2347,0.39708625743981524,26080.0,24072.0,1267.0,38268.523,311.1859,0
4042,2347,0.39931652030972875,26071.0,24054.0,1272.0,36828.59,296.87814,0
4043,2347,0.3933535281539558,26061.0,24038.0,1275.0,33824.918,220.68398,0
4044,2347,0.40394910048266786,26060.0,24039.0,1261.0,55661.926,194.03624,0
4045,2347,0.4109878727719995,26074.0,24059.0,1243.0,45824.938,197.72324,0
4046,2347,0.4025762827919716,26088.0,24078.0,1236.0,26370.154,216.67435,0
4047,2347,0.3636320553528269,26079.0,24072.0,1224.0,45864.69,195.94539,0
4048,2347,0.37226898704246664,26053.0,24035.0,1208.0,48403.77,196.75026,0
4049,2347,0.3977508269018743,26032.0,23993.0,1198.0,39946.215,202.52057,0
4050,2347,0.40994646865826284,26030.0,23974.0,1174.0,43656.957,194.32272,0
4051,2347,0.3716543581541935,26051.0,23994.0,1164.0,25360.205,207.47443,0
4052,2347,0.38486703743515444,26084.0,24034.0,1162.0,18201.373,261.46924,0
4053,2347,0.40592311426932076,26116.0,24073.0,1163.0,27074.896,285.42215,0
4054,2347,0.4221578566256336,26132.0,24086.0,1164.0,31053.26,270.83032,0
4055,2347,0.38413514506059493,26123.0,24075.0,1166.0,28947.28,281.6593,0
4056,2347,0.3891006952231442,26111.0,24056.0,1167.0,25653.947,271.0051,0
4057,2347,0.38237949088283085,26117.0,24061.0,1160.0,25740.629,216.46924,0
4058,2347,0.3762233994792134,26116.0,24061.0,1156.0,16224.98,199.44003,0
4059,2347,0.4128781331028522,26141.0,24089.0,1151.0,24316.66,177.8789,0
4060,2347,0.4061037901875778,26222.0,24175.0,1142.0,35621.133,176.37851,0
4061,2347,0.37230378829073774,26390.0,24329.0,1123.0,33536.324,168.38852,0
4062,2347,0.39245960502693,26571.0,24497.0,1112.0,32846.918,170.53767,0
4063,2347,0.405025645446317,26729.0,24602.0,1104.0,29700.0,180.0,0
4064,2347,0.4110714582122998,26813.0,24624.0,1095.0,32205.668,195.39555,0
4065,2347,0.40333291567472745,26842.0,24599.0,1084.0,26239.283,247.83365,0
4066,2347,0.37972500994738934,26854.0,24580.0,1083.0,31602.69,250.01689,0
4067,2347,0.36586454752444303,26869.0,24580.0,1077.0,35621.133,243.75865,0
4068,2347,0.35642044428390823,26841.0,24554.0,1077.0,37509.598,300.25644,0
4069,2347,0.3691287445689458,26843.0,24646.0,1084.0,41697.3,299.0546,0
4070,2347,0.3818654242451393,26928.0,24705.0,1088.0,40818.746,284.03625,0
4071,2347,0.3457210401891253,27111.0,24841.0,1089.0,39691.938,273.90048,0
4072,2347,0.2981628181358503,27441.0,25095.0,1099.0,48370.29,315.75385,0
4073,2347,0.27590384991205785,27699.0,25287.0,1110.0,47814.484,324.9638,0
4074,2347,0.3348029274314434,27817.0,25320.0,1120.0,29281.137,316.24536,0
4075,2347,0.37014108233312276,27853.0,25357.0,1123.0,18323.346,294.67685,0
4076,2347,0.26359707942184474,27850.0,25405.0,1127.0,22310.2,311.72952,0
4077,2347,0.25385422552264103,27787.0,25389.0,1132.0,16740.967,306.25385,0
4078,2347,0.39796384791190526,27567.0,25206.0,1134.0,10495.714,239.03624,0
4079,2347,0.44660351388551534,27223.0,24898.0,1119.0,30153.357,180.8551,0
4080,2347,0.43899401390060666,26935.0,24625.0,1111.0,23555.254,173.41806,0
4081,2347,0.4486171528914076,26820.0,24509.0,1104.0,28496.053,164.42746,0
4082,2347,0.45251352211263124,26720.0,24441.0,1090.0,30186.918,153.43495,0
4083,2347,0.44767511236625435,26677.0,24400.0,1080.0,36050.59,155.67442,0
4084,2347,0.44885160774915117,26713.0,24477.0,1070.0,31079.334,145.61966,0
4085,2347,0.4329712406875598,26860.0,24683.0,1065.0,25111.451,126.25384,0
4086,2347,0.4366741862713503,27005.0,24866.0,1057.0,17288.436,141.3402,0
4087,2347,0.3542883173893237,27081.0,24938.0,1056.0,23348.02,152.44719,0
4088,2347,0.3876347708894879,27176.0,24968.0,1047.0,44981.996,160.11484,0
4089,2347,0.3648382781144251,27356.0,25021.0,1032.0,42064.77,152.61258,0
4090,2347,0.24511751696217715,27479.0,25080.0,1021.0,11384.199,161.56505,0
4091,2347,0.2463869463869464,27374.0,24977.0,1019.0,10818.733,253.0725,0
4092,2347,0.3255030731666246,27008.0,24716.0,1020.0,17693.643,262.69424,0
4093,2347,0.37707502956506506,26588.0,24432.0,1016.0,12007.498,257.00537,0
4094,2347,0.4073433378021883,26313.0,24258.0,1017.0,7256.0317,277.12503,0
4095,2347,0.43866771614399935,26235.0,24211.0,1018.0,6395.7017,219.28941,0
4096,2347,0.4261926001444289,26261.0,24231.0,1015.0,10261.579,195.25511,0
4097,2347,0.42665220293724965,26370.0,24294.0,1011.0,13104.198,195.94539,0
4098,2347,0.4258486190174995,26575.0,24449.0,1006.0,15180.415,191.97614,0
4099,2347,0.3942265924258579,26889.0,24709.0,1003.0,12224.77,186.3402,0
4100,2347,0.3357953875771029,27181.0,24922.0,994.0,28856.195,176.42366,0
4101,2347,0.3779148673658236,27246.0,24943.0,983.0,43670.87,178.22853,0
4102,2347,0.41717008423381263,26995.0,24735.0,969.0,39691.938,176.0995,0
4103,2347,0.43752563787021087,26610.0,24433.0,960.0,23068.81,159.44395,0
4104,2347,0.41224901285390236,26329.0,24232.0,953.0,21039.605,138.46823,0
4105,2347,0.40105139679367424,26223.0,24175.0,948.0,17601.846,122.47119,0
4106,2347,0.4361375880646498,26198.0,24189.0,948.0,19973.107,104.349335,1
4107,2347,0.4217724520472541,26168.0,24188.0,946.0,28460.498,108.43495,0
4108,2347,0.4248872782436475,26091.0,24149.0,939.0,38194.37,124.43899,1
4109,2347,0.46358819661987083,26012.0,24113.0,930.0,37547.37,135.0,0
4110,2347,0.39869109947643977,25946.0,24074.0,924.0,33098.715,136.1017,1
4111,2347,0.4208855328642526,25909.0,24037.0,912.0,21981.014,112.89055,0
4112,2347,0.4457460175915042,25913.0,24001.0,912.0,23854.244,91.080925,1
4113,2347,0.4472014318255776,25923.0,23980.0,912.0,29149.443,98.88066,1
4114,2347,0.4466079622969118,25927.0,23973.0,910.0,33656.87,119.649864,1
4115,2347,0.4395513772060036,25916.0,23971.0,896.0,42983.836,160.42688,1
4116,2347,0.46313904913467274,25898.0,23971.0,880.0,41658.434,169.41837,0
4117,2347,0.47452917567150354,25878.0,23968.0,872.0,19091.883,171.8699,1
4118,2347,0.47101420910478725,25867.0,23964.0,876.0,25408.07,337.0679,1
4119,2347,0.4459971480953351,25865.0,23960.0,884.0,29583.863,333.8247,0
4120,2347,0.44187740238721424,25868.0,23957.0,891.0,34270.98,336.80142,0
4121,2347,0.4247743644944937,25863.0,23945.0,900.0,30600.0,331.92752,0
4122,2347,0.4277855359485422,25852.0,23918.0,907.0,25336.238,326.59216,0
4123,2347,0.46161197833705003,25838.0,23889.0,916.0,40299.504,336.29736,0
4124,2347,0.4736184826724945,25826.0,23879.0,928.0,41070.977,327.5288,0
4125,2347,0.478835877128907,25812.0,23884.0,941.0,36011.25,268.5679,0
4126,2347,0.4765772354594095,25817.0,23902.0,937.0,40699.508,251.96571,0
4127,2347,0.47764741967640517,25859.0,23945.0,934.0,31551.387,266.72952,0
4128,2347,0.49374676237697035,25926.0,24007.0,937.0,16224.98,273.17984,0
4129,2347,0.4909470501421835,26025.0,24090.0,927.0,37890.96,164.14807,0
4130,2347,0.38146128680479824,26110.0,24142.0,913.0,47131.996,169.54837,0
4131,2347,0.3601178149017442,26137.0,24148.0,901.0,36000.0,180.0,1
4132,2347,0.3654042040929716,26088.0,24099.0,893.0,31596.281,190.66978,0
4133,2347,0.3977627471383975,26029.0,24037.0,875.0,28602.447,192.72435,0
4134,2347,0.41453045955022744,25992.0,24001.0,867.0,16224.98,176.82018,0
4135,2347,0.45934715729753484,25973.0,23993.0,865.0,13379.462,137.72632,1
4136,2347,0.4712316105676654,25964.0,24001.0,859.0,12241.323,162.89728,1
4137,2347,0.47889187044105974,25969.0,24019.0,855.0,19604.719,189.24611,1
4138,2347,0.46150054972134813,25982.0,24034.0,848.0,27186.854,192.42595,1
4139,2347,0.468335623816068,26006.0,24058.0,841.0,32104.906,185.63068,0
4140,2347,0.44466112150276593,26066.0,24111.0,833.0,5130.7896,37.874985,1
4141,2347,0.4247728037697745,26196.0,24218.0,834.0,17966.219,22.0679,1
4142,2347,0.41392437188055153,26389.0,24382.0,843.0,36768.06,21.540976,1
4143,2347,0.38453350800343883,26633.0,24559.0,861.0,24391.494,52.495857,1
4144,2347,0.3852655625356939,26859.0,24761.0,860.0,15743.57,59.036243,1
4145,2347,0.405958962561686,27246.0,25066.0,864.0,22598.783,35.272423,1
4146,2347,0.3440707405652929,27634.0,25377.0,870.0,21154.787,60.708637,1
4147,2347,0.27963651383725735,27916.0,25603.0,869.0,9940.825,84.80557,1
4148,2347,0.3551744074002698,28076.0,25728.0,870.0,10948.973,350.5377,1
4149,2347,0.4037953737281273,28156.0,25788.0,875.0,14087.229,333.43494,1
4150,2347,0.40321448624368333,28190.0,25807.0,881.0,6489.992,303.69006,1
4151,2347,0.40816178602493475,28211.0,25803.0,880.0,6489.992,213.69006,1
4152,2347,0.3726217044293982,28214.0,25768.0,878.0,6883.6763,348.69006,1
4153,2347,0.3792621987066431,28193.0,25694.0,884.0,38066.914,6.788975,1
4154,2347,0.40955764789483035,28109.0,25621.0,907.0,20094.402,55.954063,1
4155,2347,0.41909670907976787,27953.0,25533.0,905.0,14428.098,93.57633,1
4156,2347,0.42434763933135267,27801.0,25396.0,905.0,12074.767,63.434948,1
4157,2347,0.4320014334348683,27638.0,25281.0,907.0,19323.82,27.758541,1
4158,2347,0.44521835268103926,27418.0,25125.0,920.0,16262.38,14.4207735,1
4159,2347,0.47269396096117255,27121.0,24905.0,923.0,10062.306,349.69516,0
4160,2347,0.423760892709278,26895.0,24738.0,926.0,17693.643,352.69424,0
4161,2347,0.4381834144784101,26810.0,24672.0,949.0,60967.94,8.488944,1
4162,2347,0.42944110932611823,26846.0,24672.0,968.0,65844.7,12.231501,1
4163,2347,0.4160995275044432,26953.0,24740.0,986.0,60148.69,15.179928,0
4164,2347,0.40773355420898905,27083.0,24834.0,1000.0,47045.99,14.96672,1
4165,2347,0.42537125597785047,27278.0,24982.0,1025.0,45900.0,28.072487,0
4166,2347,0.40561004990535193,27505.0,25157.0,1036.0,35621.133,63.75865,1
4167,2347,0.3626810565180347,27676.0,25299.0,1033.0,33318.24,106.47688,1
4168,2347,0.36762068158777195,27750.0,25362.0,1025.0,13364.318,45.0,1
4169,2347,0.37732124874118833,27771.0,25380.0,1032.0,35512.957,8.746162,0
4170,2347,0.3666501354289856,27751.0,25375.0,1046.0,43652.32,0.59065723,1
4171,2347,0.38150895332284407,27703.0,25352.0,1057.0,34885.887,353.33334,1
4172,2347,0.3820625570397411,27626.0,25322.0,1070.0,22201.014,342.29956,1
4173,2347,0.332760923487884,27540.0,25252.0,1077.0,37971.043,354.55966,1
4174,2347,0.3690443901998011,27478.0,25212.0,1091.0,43929.773,6.46982,1
4175,2347,0.37435316946959896,27455.0,25184.0,1104.0,30718.887,31.827446,0
4176,2347,0.337585168752971,27430.0,25154.0,1095.0,55164.934,151.76256,1
4177,2347,0.3332744769135694,27420.0,25122.0,1077.0,59167.727,153.8247,1
4178,2347,0.3913646751550767,27376.0,25067.0,1064.0,44136.72,140.7928,0
4179,2347,0.3421792987612849,27307.0,24995.0,1061.0,31079.334,55.619656,1
4180,2347,0.35184936714522114,27227.0,24919.0,1069.0,29957.97,32.735226,1
4181,2347,0.41645140458508234,27125.0,24841.0,1076.0,28246.238,22.479435,0
4182,2347,0.40566351104467696,27006.0,24744.0,1083.0,19469.977,56.309933,1
4183,2347,0.43428260778655964,26911.0,24680.0,1079.0,22418.854,100.407715,0
4184,2347,0.45075879883758474,27050.0,24772.0,1080.0,11114.18,58.24052,1
4185,2347,0.4162881504502351,27415.0,25018.0,1083.0,12886.039,335.22485,1
4186,2347,0.43070545909588615,27853.0,25358.0,1090.0,18792.55,286.69925,1
4187,2347,0.43626157106212127,28209.0,25664.0,1090.0,16801.34,262.30396,1
4188,2347,0.43676448681662444,28430.0,25888.0,1089.0,19144.842,246.44774,1
4189,2347,0.39768396364702435,28475.0,25974.0,1086.0,25622.354,239.3814,1
4190,2347,0.31296289670471217,28383.0,25906.0,1082.0,29419.127,276.14664,1
4191,2347,0.3334617013902261,28152.0,25725.0,1084.0,30600.0,270.0,1
4192,2347,0.40270671728007923,27822.0,25432.0,1081.0,32449.96,266.82016,1
4193,2347,0.39799616286506073,27525.0,25158.0,1081.0,27914.512,268.1524,1
4194,2347,0.4150187411141269,27296.0,24951.0,1082.0,25046.855,252.21611,1
4195,2347,0.4393058784456991,27135.0,24799.0,1077.0,33312.16,218.41806,1
4196,2347,0.4548463356973995,26974.0,24667.0,1067.0,40779.04,202.03622,1
4197,2347,0.43014832700931355,26877.0,24595.0,1042.0,37244.13,191.853,1
4198,2347,0.4253155680224404,26816.0,24551.0,1035.0,25408.07,202.9321,1
4199,2347,0.43006796242586903,26764.0,24517.0,1029.0,19738.541,226.84761,1
4200,2347,0.43700186535526536,26711.0,24477.0,1028.0,17647.805,250.641,1
4201,2347,0.42691123541910586,26660.0,24434.0,1021.0,30500.574,201.64444,1
4202,2347,0.4207269240826288,26606.0,24379.0,1010.0,36430.55,197.98734,1
4203,2347,0.417500438827453,26561.0,24337.0,1002.0,29384.69,207.34987,1
